Year,Country of Asylum Code,Country of Asylum Name,Procedure Type,Decision Type Code,Decision Data Type,Recognized,Complementary Protection,Otherwise Closed,Rejected,Total Decided
2000,EGY,Egypt,U,FI,P,0,0,0,5,5
2000,AUS,Australia,G,AR,C,10,0,0,51,61
2000,AUS,Australia,G,FI,C,5,0,0,163,168
2000,AUT,Austria,G,FA,P,5,0,45,20,70
2000,AZE,Azerbaijan,U,FI,P,0,0,0,5,5
2000,BEL,Belgium,G,AR,P,0,0,0,18,18
2000,BEL,Belgium,G,FI,P,0,0,0,23,23
2000,BLR,Belarus,G,FI,P,0,0,5,0,5
2000,BGR,Bulgaria,G,FI,P,0,0,0,5,5
2000,CAN,Canada,G,FI,P,172,0,116,117,405
2000,CZE,Czechia,G,AR,C,5,0,19,39,64
2000,CZE,Czechia,G,FI,C,5,0,121,223,349
2000,DNK,Denmark,G,AR,P,5,5,0,14,24
2000,DNK,Denmark,G,FI,P,0,0,0,49,49
2000,FIN,Finland,G,FI,P,0,5,10,0,15
2000,FRA,France,G,AR,P,50,0,0,237,287
2000,FRA,France,G,FI,P,48,0,0,470,518
2000,GBR,United Kingdom of Great Britain and Northern Ireland,G,BL,C,0,155,20,0,175
2000,GBR,United Kingdom of Great Britain and Northern Ireland,G,FI,C,15,35,285,760,1095
2000,DEU,Germany,G,NA,P,5,5,103,403,516
2000,DEU,Germany,G,RA,P,0,0,103,10,113
2000,HUN,Hungary,G,FI,P,5,0,5,33,43
2000,ISL,Iceland,G,AR,P,0,0,0,5,5
2000,ISL,Iceland,G,FI,P,0,0,0,12,12
2000,IRL,Ireland,G,FI,P,5,0,34,95,134
2000,ITA,Italy,G,FA,P,5,0,0,5,10
2000,MEX,Mexico,U,FI,P,0,0,0,5,5
2000,NLD,Netherlands,G,AR,P,0,21,32,73,126
2000,NLD,Netherlands,G,FI,P,0,10,284,0,294
2000,NOR,Norway,G,AR,P,0,0,0,16,16
2000,NOR,Norway,G,FI,P,0,0,5,38,43
2000,POL,Poland,G,FI,P,0,0,13,36,49
2000,ESP,Spain,G,FI,P,10,10,213,21,254
2000,SVK,Slovakia,G,FI,P,0,0,0,5,5
2000,SWE,Sweden,G,AR,P,0,24,0,39,63
2000,SWE,Sweden,G,FI,P,0,0,5,69,74
2000,CHE,Switzerland,G,FI,P,0,0,57,47,104
2000,USA,United States of America,G,EO,C,96,0,153,125,374
2000,USA,United States of America,G,IN,C,71,0,86,139,296
2001,AUS,Australia,G,AR,C,5,0,10,43,58
2001,AUS,Australia,G,FI,C,0,0,5,108,113
2001,AUT,Austria,G,FA,P,5,0,0,42,47
2001,BEL,Belgium,G,AR,P,5,0,0,5,10
2001,BEL,Belgium,G,FI,P,0,0,0,19,19
2001,CAN,Canada,G,FI,P,130,0,110,112,352
2001,CYP,Cyprus,U,FI,P,0,0,0,5,5
2001,CZE,Czechia,G,AR,C,0,0,177,329,506
2001,CZE,Czechia,G,FI,C,5,0,86,2440,2531
2001,DNK,Denmark,G,AR,P,5,0,0,32,37
2001,DNK,Denmark,G,FI,P,0,0,0,54,54
2001,FIN,Finland,G,FI,P,0,5,83,77,165
2001,FRA,France,G,AR,P,56,0,0,446,502
2001,FRA,France,G,FI,P,12,0,0,787,799
2001,FRA,France,G,RA,P,52,0,0,0,52
2001,GBR,United Kingdom of Great Britain and Northern Ireland,G,FI,C,10,25,290,825,1150
2001,DEU,Germany,G,NA,P,12,5,92,491,600
2001,DEU,Germany,G,RA,P,5,0,104,12,121
2001,GRC,Greece,G,FI,P,0,0,0,10,10
2001,HUN,Hungary,G,FI,P,0,0,0,21,21
2001,IRL,Ireland,G,FI,P,0,0,248,93,341
2001,ITA,Italy,G,FA,P,5,5,0,28,38
2001,NLD,Netherlands,G,AR,P,0,12,129,5,146
2001,NLD,Netherlands,G,FI,P,0,10,115,98,223
2001,NOR,Norway,G,FI,P,0,59,22,152,233
2001,NZL,New Zealand,G,FI,P,0,0,0,10,10
2001,POL,Poland,G,AR,P,0,0,0,73,73
2001,POL,Poland,G,FI,P,0,0,26,122,148
2001,RUS,Russian Federation,G,FI,P,0,0,0,5,5
2001,ESP,Spain,G,FI,P,5,5,189,13,212
2001,SWE,Sweden,G,AR,P,0,16,5,39,60
2001,SWE,Sweden,G,FI,P,10,10,24,123,167
2001,CHE,Switzerland,G,FI,P,0,0,84,46,130
2001,USA,United States of America,G,EO,C,86,0,125,90,301
2001,USA,United States of America,G,IN,C,87,0,52,104,243
2002,ARG,Argentina,G,FI,P,0,0,0,5,5
2002,AUS,Australia,G,AR,C,12,0,14,130,156
2002,AUS,Australia,G,FI,P,0,0,0,76,76
2002,AUT,Austria,G,FA,P,10,0,195,66,271
2002,BEL,Belgium,G,AR,P,0,0,5,15,20
2002,BEL,Belgium,G,FI,P,0,0,10,23,33
2002,BGR,Bulgaria,G,FI,P,0,0,0,5,5
2002,CAN,Canada,G,FI,P,168,0,64,129,361
2002,CYP,Cyprus,G,FI,P,0,0,0,5,5
2002,CZE,Czechia,G,AR,C,0,0,441,572,1013
2002,CZE,Czechia,G,FI,C,0,0,1391,1750,3141
2002,DNK,Denmark,G,AR,P,0,0,0,15,15
2002,DNK,Denmark,G,FI,P,0,0,0,29,29
2002,FIN,Finland,G,FI,P,0,5,36,47,88
2002,FRA,France,G,AR,P,40,0,0,255,295
2002,FRA,France,G,FI,P,12,0,0,608,620
2002,FRA,France,G,RA,P,36,0,0,0,36
2002,GBR,United Kingdom of Great Britain and Northern Ireland,G,AR,C,65,0,30,420,515
2002,GBR,United Kingdom of Great Britain and Northern Ireland,G,FI,C,0,10,45,255,310
2002,DEU,Germany,G,NA,P,10,5,108,471,594
2002,DEU,Germany,G,RA,P,0,0,70,5,75
2002,GRC,Greece,G,FI,P,0,0,0,5,5
2002,HRV,Croatia,G,FI,P,0,0,5,0,5
2002,HRV,Croatia,U,FI,P,0,0,5,0,5
2002,HUN,Hungary,G,FI,P,0,0,11,11,22
2002,ISL,Iceland,G,FI,P,0,0,0,5,5
2002,IRL,Ireland,G,AR,P,34,0,21,78,133
2002,IRL,Ireland,G,FI,P,5,0,294,166,465
2002,LIE,Liechtenstein,G,FI,P,0,0,5,0,5
2002,LVA,Latvia,G,FI,P,0,0,0,5,5
2002,MEX,Mexico,G,FI,P,0,0,0,5,5
2002,NLD,Netherlands,G,AR,P,0,25,25,132,182
2002,NLD,Netherlands,G,FI,P,0,5,37,164,206
2002,NOR,Norway,G,FI,P,0,5,711,952,1668
2002,NZL,New Zealand,G,FI,P,0,0,0,5,5
2002,POL,Poland,G,AR,P,0,0,0,93,93
2002,POL,Poland,G,FI,P,0,0,5,130,135
2002,ESP,Spain,G,FI,P,5,0,73,151,229
2002,SVK,Slovakia,G,FI,P,0,0,10,10,20
2002,SVN,Slovenia,G,FI,P,0,0,5,0,5
2002,SWE,Sweden,G,AR,P,0,5,19,156,180
2002,SWE,Sweden,G,FI,P,0,5,67,439,511
2002,CHE,Switzerland,G,FI,P,5,0,131,55,191
2002,USA,United States of America,G,EO,P,96,0,172,134,402
2002,USA,United States of America,G,IN,C,78,0,43,150,271
2003,ARG,Argentina,G,FI,P,0,0,12,0,12
2003,AUS,Australia,G,AR,C,10,0,5,115,130
2003,AUS,Australia,G,FI,P,0,0,0,23,23
2003,AUT,Austria,G,FA,P,10,0,0,91,101
2003,BEL,Belgium,G,AR,P,0,0,5,20,25
2003,BEL,Belgium,G,FI,P,0,0,19,47,66
2003,BIH,Bosnia and Herzegovina,U,FI,P,0,0,5,0,5
2003,CAN,Canada,G,FI,P,145,0,64,155,364
2003,CYP,Cyprus,G,FI,P,0,0,0,5,5
2003,CYP,Cyprus,U,FI,P,0,0,0,36,36
2003,CZE,Czechia,G,AR,P,0,0,111,576,687
2003,CZE,Czechia,G,FI,P,5,0,418,2357,2780
2003,DNK,Denmark,G,AR,P,5,0,0,5,10
2003,DNK,Denmark,G,FI,P,0,0,0,11,11
2003,FIN,Finland,G,FI,P,0,5,43,48,96
2003,FRA,France,G,AR,P,74,0,0,260,334
2003,FRA,France,G,FI,P,24,0,0,795,819
2003,FRA,France,G,RA,P,70,0,0,0,70
2003,GBR,United Kingdom of Great Britain and Northern Ireland,G,AR,C,70,0,30,415,515
2003,GBR,United Kingdom of Great Britain and Northern Ireland,G,FI,P,0,10,89,319,418
2003,DEU,Germany,G,NA,P,5,0,76,375,456
2003,DEU,Germany,G,RA,P,0,0,56,10,66
2003,GRC,Greece,G,FI,P,0,0,0,5,5
2003,HUN,Hungary,G,FI,P,0,0,5,11,16
2003,IRL,Ireland,G,AR,P,37,0,5,89,131
2003,IRL,Ireland,G,FI,P,10,0,68,117,195
2003,ITA,Italy,G,FA,P,5,0,0,29,34
2003,LIE,Liechtenstein,G,FI,P,0,0,5,5,10
2003,LTU,Lithuania,G,FI,P,5,0,0,0,5
2003,NLD,Netherlands,G,AR,P,5,5,17,33,60
2003,NLD,Netherlands,G,FI,P,0,5,27,79,111
2003,NOR,Norway,G,FI,P,0,0,44,91,135
2003,POL,Poland,G,FI,P,0,0,18,50,68
2003,PRT,Portugal,G,FI,P,0,0,5,0,5
2003,RUS,Russian Federation,G,FI,P,0,0,0,5,5
2003,ESP,Spain,G,FI,P,5,0,27,24,56
2003,ESP,Spain,G,JR,P,0,0,0,5,5
2003,SVK,Slovakia,G,FI,P,0,0,28,10,38
2003,SVN,Slovenia,G,FI,P,0,0,11,5,16
2003,SWE,Sweden,G,AR,P,0,12,13,269,294
2003,SWE,Sweden,G,FI,P,5,0,111,484,600
2003,CHE,Switzerland,G,FI,P,5,0,123,164,292
2003,USA,United States of America,G,EO,P,106,0,154,110,370
2003,USA,United States of America,G,IN,C,52,0,73,128,253
2004,EGY,Egypt,U,FI,P,0,0,5,0,5
2004,ARG,Argentina,G,FI,P,0,0,11,0,11
2004,AUT,Austria,G,FA,P,18,10,139,75,242
2004,BEL,Belgium,G,AR,P,0,0,0,23,23
2004,BEL,Belgium,G,FI,P,11,0,10,41,62
2004,BLR,Belarus,G,FI,P,0,0,5,0,5
2004,BIH,Bosnia and Herzegovina,U,FI,P,0,0,0,5,5
2004,CAN,Canada,G,FI,P,144,0,36,93,273
2004,CYP,Cyprus,G,AR,P,0,0,5,17,22
2004,CYP,Cyprus,G,FI,P,0,5,59,107,171
2004,CZE,Czechia,G,AR,P,0,0,12,5,17
2004,CZE,Czechia,G,FI,P,5,0,78,1879,1962
2004,DNK,Denmark,G,AR,P,0,0,0,5,5
2004,DNK,Denmark,G,FI,P,0,0,0,5,5
2004,FIN,Finland,G,FA,P,0,0,0,15,15
2004,FRA,France,G,AR,P,55,0,60,315,430
2004,FRA,France,G,FI,P,19,0,0,839,858
2004,FRA,France,G,RA,P,54,0,0,0,54
2004,GBR,United Kingdom of Great Britain and Northern Ireland,G,AR,C,35,0,10,135,180
2004,GBR,United Kingdom of Great Britain and Northern Ireland,G,FI,P,5,10,17,154,186
2004,DEU,Germany,G,NA,P,0,0,59,171,230
2004,DEU,Germany,G,RA,P,0,0,80,5,85
2004,GRC,Greece,G,FI,P,5,0,0,79,84
2004,HUN,Hungary,G,AR,P,0,0,0,5,5
2004,HUN,Hungary,G,FI,P,0,10,12,17,39
2004,IRL,Ireland,G,AR,P,33,0,5,83,121
2004,IRL,Ireland,G,FI,P,14,0,15,62,91
2004,ITA,Italy,G,FA,P,5,0,0,22,27
2004,LIE,Liechtenstein,G,FI,P,0,0,5,5,10
2004,LTU,Lithuania,G,FI,P,0,0,5,0,5
2004,MEX,Mexico,G,FI,P,0,0,0,5,5
2004,NLD,Netherlands,G,AR,P,0,0,5,14,19
2004,NLD,Netherlands,G,FI,P,0,11,5,28,44
2004,NOR,Norway,G,AR,P,0,0,0,44,44
2004,NOR,Norway,G,FI,P,0,0,5,26,31
2004,NZL,New Zealand,G,FI,P,0,0,0,5,5
2004,POL,Poland,G,AR,P,0,0,5,18,23
2004,POL,Poland,G,FI,P,0,10,10,72,92
2004,RUS,Russian Federation,G,FI,P,0,0,0,5,5
2004,ESP,Spain,G,FI,P,5,0,29,27,61
2004,SVK,Slovakia,G,FI,P,0,0,38,22,60
2004,SWE,Sweden,G,AR,P,0,16,20,285,321
2004,SWE,Sweden,G,FI,P,0,10,56,312,378
2004,CHE,Switzerland,G,FI,P,0,5,50,95,150
2004,USA,United States of America,G,EO,P,90,0,147,101,338
2004,USA,United States of America,G,IN,C,36,0,45,119,200
2005,ARG,Argentina,G,FI,P,0,0,13,0,13
2005,AUS,Australia,G,AR,C,5,0,0,11,16
2005,AUS,Australia,G,FI,P,0,0,0,5,5
2005,AUT,Austria,G,FA,P,32,13,152,138,335
2005,BEL,Belgium,G,AR,P,0,0,13,5,18
2005,BEL,Belgium,G,FI,P,0,0,36,27,63
2005,BLR,Belarus,G,FI,P,0,0,5,0,5
2005,BIH,Bosnia and Herzegovina,G,FA,P,0,0,0,5,5
2005,BGR,Bulgaria,G,FI,P,0,0,0,5,5
2005,CAN,Canada,G,FI,P,136,0,41,73,250
2005,CYP,Cyprus,G,AR,P,0,0,5,23,28
2005,CYP,Cyprus,G,FI,P,0,10,185,145,340
2005,CZE,Czechia,G,FI,P,10,0,82,986,1078
2005,DNK,Denmark,G,FI,P,0,0,0,5,5
2005,FIN,Finland,G,FA,P,0,0,5,5,10
2005,FRA,France,G,AR,P,76,0,188,473,737
2005,FRA,France,G,FI,P,5,0,0,567,572
2005,FRA,France,G,RA,P,76,0,0,0,76
2005,GBR,United Kingdom of Great Britain and Northern Ireland,G,AR,C,15,0,10,70,95
2005,GBR,United Kingdom of Great Britain and Northern Ireland,G,FI,P,0,0,5,67,72
2005,DEU,Germany,G,NA,P,0,5,45,125,175
2005,DEU,Germany,G,RA,P,0,0,60,5,65
2005,GRC,Greece,G,FI,P,0,0,254,16,270
2005,HRV,Croatia,G,FI,P,0,0,5,0,5
2005,HUN,Hungary,G,AR,P,0,0,0,11,11
2005,HUN,Hungary,G,FI,P,0,0,28,5,33
2005,IRL,Ireland,G,FI,P,0,0,20,82,102
2005,LIE,Liechtenstein,G,FI,P,0,0,0,5,5
2005,NLD,Netherlands,G,AR,P,0,5,11,5,21
2005,NLD,Netherlands,G,FI,P,5,5,11,38,59
2005,NOR,Norway,G,AR,P,0,14,0,25,39
2005,NOR,Norway,G,FI,P,0,0,5,13,18
2005,POL,Poland,G,AR,P,0,0,10,33,43
2005,POL,Poland,G,FI,P,0,0,46,52,98
2005,ROU,Romania,G,FA,P,0,0,0,5,5
2005,ESP,Spain,G,FA,P,0,0,11,19,30
2005,SVK,Slovakia,G,FI,P,12,0,15,32,59
2005,SVN,Slovenia,G,FI,P,0,0,5,0,5
2005,SWE,Sweden,G,AR,P,0,17,21,239,277
2005,SWE,Sweden,G,FI,P,0,0,32,114,146
2005,CHE,Switzerland,G,FI,P,0,11,33,32,76
2005,USA,United States of America,G,EO,P,69,0,115,101,285
2005,USA,United States of America,G,IN,C,43,0,35,117,195
2006,AUS,Australia,G,AR,C,5,0,0,5,10
2006,AUS,Australia,G,FI,P,0,0,0,11,11
2006,AUT,Austria,G,FA,P,20,10,95,107,232
2006,BEL,Belgium,G,AR,P,0,0,30,5,35
2006,BEL,Belgium,G,FI,P,0,0,18,16,34
2006,BLR,Belarus,G,FI,P,0,0,5,5,10
2006,BGR,Bulgaria,G,FI,P,0,0,0,5,5
2006,CAN,Canada,G,FI,P,124,0,34,81,239
2006,CYP,Cyprus,G,AR,P,0,0,16,32,48
2006,CYP,Cyprus,G,FI,P,0,0,386,45,431
2006,CZE,Czechia,G,AR,P,13,0,199,559,771
2006,CZE,Czechia,G,FI,P,31,0,48,562,641
2006,FIN,Finland,G,FI,P,0,0,0,5,5
2006,FRA,France,G,FI,P,5,0,0,160,165
2006,FRA,France,G,RA,P,21,5,0,0,26
2006,GBR,United Kingdom of Great Britain and Northern Ireland,G,AR,C,5,0,5,35,40
2006,GBR,United Kingdom of Great Britain and Northern Ireland,G,FI,P,0,5,0,35,40
2006,DEU,Germany,G,NA,P,0,0,32,72,104
2006,DEU,Germany,G,RA,P,0,0,30,0,30
2006,GRC,Greece,G,FA,P,0,0,41,15,56
2006,HUN,Hungary,G,FI,P,0,0,18,14,32
2006,IRL,Ireland,G,AR,P,0,0,5,16,21
2006,IRL,Ireland,G,FI,P,0,0,5,35,40
2006,ISR,Israel,J,FA,C,0,0,0,5,5
2006,ITA,Italy,G,FA,P,0,27,0,37,64
2006,LTU,Lithuania,G,FI,P,0,0,0,5,5
2006,NLD,Netherlands,G,AR,P,0,5,10,11,26
2006,NLD,Netherlands,G,FI,P,0,5,5,39,49
2006,NOR,Norway,G,AR,P,0,0,0,10,10
2006,NOR,Norway,G,FI,P,0,0,19,5,24
2006,POL,Poland,G,AR,P,0,0,5,5,10
2006,POL,Poland,G,FI,P,0,0,19,39,58
2006,RUS,Russian Federation,G,FI,P,0,0,0,5,5
2006,ESP,Spain,G,FI,P,0,0,0,17,17
2006,SVK,Slovakia,G,FI,P,0,0,14,15,29
2006,SWE,Sweden,G,FI,P,0,15,35,48,98
2006,CHE,Switzerland,G,FI,P,0,10,25,5,40
2006,USA,United States of America,G,EO,P,44,0,136,91,271
2006,USA,United States of America,G,IN,C,44,0,119,143,306
2007,AUS,Australia,G,AR,C,0,0,0,10,10
2007,AUS,Australia,G,FI,P,0,0,0,10,10
2007,AUT,Austria,G,FA,P,20,10,58,127,215
2007,BEL,Belgium,G,FI,P,5,0,10,25,40
2007,CAN,Canada,G,FA,P,65,0,27,27,119
2007,CYP,Cyprus,G,AR,P,0,0,34,92,126
2007,CYP,Cyprus,G,FI,P,0,0,398,44,442
2007,CZE,Czechia,G,AR,P,5,0,116,335,456
2007,CZE,Czechia,G,FI,P,19,0,10,281,309
2007,FIN,Finland,G,FI,P,0,0,5,5,10
2007,FRA,France,G,FI,P,5,0,0,93,98
2007,FRA,France,G,RA,P,20,5,0,0,25
2007,GBR,United Kingdom of Great Britain and Northern Ireland,G,AR,C,10,0,0,15,25
2007,GBR,United Kingdom of Great Britain and Northern Ireland,G,FI,P,0,0,18,47,65
2007,DEU,Germany,G,NA,P,0,0,19,50,69
2007,DEU,Germany,G,RA,P,0,0,23,0,23
2007,GRC,Greece,G,FI,P,0,0,0,25,25
2007,HUN,Hungary,G,FI,P,0,0,13,13,26
2007,ISL,Iceland,G,FI,P,0,0,5,0,5
2007,IRL,Ireland,G,AR,P,0,0,0,11,11
2007,IRL,Ireland,G,FI,P,0,0,5,21,26
2007,ITA,Italy,G,BL,P,0,33,42,5,80
2007,ITA,Italy,G,FI,P,0,5,0,21,26
2007,NLD,Netherlands,G,AR,P,5,0,0,11,16
2007,NLD,Netherlands,G,FI,P,0,0,22,18,40
2007,NOR,Norway,G,AR,P,0,0,0,11,11
2007,NOR,Norway,G,FI,P,0,0,5,5,10
2007,POL,Poland,G,AR,P,0,0,0,24,24
2007,POL,Poland,G,FI,P,0,0,5,45,50
2007,ROU,Romania,G,FA,P,0,0,0,5,5
2007,ESP,Spain,G,FA,P,0,0,0,15,15
2007,SVK,Slovakia,G,FI,P,0,0,21,20,41
2007,SVN,Slovenia,G,FI,P,0,0,5,0,5
2007,SWE,Sweden,G,AR,P,0,0,5,28,33
2007,SWE,Sweden,G,FI,P,0,18,30,73,121
2007,CHE,Switzerland,G,FI,P,0,0,21,5,26
2007,USA,United States of America,G,EO,P,31,0,100,22,153
2007,USA,United States of America,G,IN,C,66,0,69,127,262
2008,ARG,Argentina,G,FI,C,5,0,0,0,5
2008,AUS,Australia,G,AR,C,0,0,0,5,5
2008,AUT,Austria,G,FA,P,33,25,81,204,343
2008,BEL,Belgium,G,FI,P,0,0,5,23,28
2008,BLR,Belarus,G,FI,P,0,0,5,0,5
2008,BRA,Brazil,G,FI,P,0,0,0,5,5
2008,CAN,Canada,G,FI,P,58,0,28,32,118
2008,CYP,Cyprus,G,AR,P,0,5,11,30,46
2008,CYP,Cyprus,G,FI,P,0,0,102,23,125
2008,CZE,Czechia,G,AR,P,5,0,36,186,227
2008,CZE,Czechia,G,FI,P,17,5,153,189,364
2008,FIN,Finland,G,FI,P,0,0,5,5,10
2008,FRA,France,G,FI,P,14,5,0,65,84
2008,GBR,United Kingdom of Great Britain and Northern Ireland,G,AR,C,0,0,0,5,5
2008,GBR,United Kingdom of Great Britain and Northern Ireland,G,FI,P,0,5,14,24,43
2008,DEU,Germany,G,NA,P,5,0,15,17,37
2008,DEU,Germany,G,RA,P,0,0,11,0,11
2008,GRC,Greece,G,FI,P,0,0,5,45,50
2008,HUN,Hungary,G,FI,P,0,0,0,5,5
2008,IRL,Ireland,G,AR,P,5,0,5,11,21
2008,IRL,Ireland,G,FI,P,0,0,10,17,27
2008,ITA,Italy,G,FI,P,0,0,0,13,13
2008,LTU,Lithuania,G,FI,P,0,0,0,5,5
2008,LUX,Luxembourg,G,FI,P,0,0,5,0,5
2008,NLD,Netherlands,G,FI,P,0,0,0,5,5
2008,NOR,Norway,G,AR,P,0,0,0,13,13
2008,NOR,Norway,G,FI,P,0,0,5,10,15
2008,POL,Poland,G,AR,P,0,0,5,11,16
2008,POL,Poland,G,FI,P,0,0,25,22,47
2008,RUS,Russian Federation,G,FI,P,5,0,0,31,36
2008,ESP,Spain,G,FI,P,0,0,0,11,11
2008,SVK,Slovakia,G,FI,P,0,5,11,20,36
2008,SWE,Sweden,G,AR,P,0,0,10,46,56
2008,SWE,Sweden,G,FI,P,0,5,14,35,54
2008,CHE,Switzerland,G,FI,P,0,5,14,18,37
2008,USA,United States of America,G,EO,P,46,0,67,22,135
2008,USA,United States of America,G,IN,C,59,0,42,95,196
2009,AUS,Australia,G,FI,P,0,0,5,0,5
2009,AUT,Austria,G,FA,P,13,26,41,259,339
2009,BEL,Belgium,G,FI,P,0,0,10,20,30
2009,BLR,Belarus,G,FI,P,0,0,5,5,10
2009,CAN,Canada,G,FI,P,70,0,50,65,185
2009,CYP,Cyprus,G,AR,P,0,0,10,0,10
2009,CYP,Cyprus,G,FI,P,0,5,211,65,281
2009,CZE,Czechia,G,AR,P,21,0,31,84,136
2009,CZE,Czechia,G,FI,P,10,0,88,92,190
2009,FIN,Finland,G,FI,P,0,0,10,0,10
2009,FRA,France,G,FI,P,5,0,0,54,59
2009,FRA,France,G,RA,P,10,0,0,0,10
2009,GBR,United Kingdom of Great Britain and Northern Ireland,G,AR,C,0,0,0,15,15
2009,GBR,United Kingdom of Great Britain and Northern Ireland,G,FI,P,0,0,27,31,58
2009,DEU,Germany,G,NA,P,5,0,18,27,50
2009,DEU,Germany,G,RA,P,0,0,5,0,5
2009,GRC,Greece,G,FI,P,0,0,0,50,50
2009,HRV,Croatia,G,FI,P,0,0,0,5,5
2009,HUN,Hungary,G,FA,P,0,0,5,0,5
2009,IRL,Ireland,G,AR,P,5,0,5,38,48
2009,IRL,Ireland,G,FI,P,0,0,5,20,25
2009,ITA,Italy,G,FI,P,0,14,0,5,19
2009,LIE,Liechtenstein,G,FI,P,0,0,5,0,5
2009,NLD,Netherlands,G,FI,P,0,0,0,18,18
2009,NOR,Norway,G,AR,P,0,0,0,21,21
2009,NOR,Norway,G,FI,P,0,0,21,5,26
2009,POL,Poland,G,FI,P,0,5,14,28,47
2009,ROU,Romania,G,FA,P,0,0,0,5,5
2009,RUS,Russian Federation,G,FI,P,0,0,0,13,13
2009,ESP,Spain,G,FI,P,0,0,0,13,13
2009,SVK,Slovakia,G,FI,P,0,0,0,13,13
2009,SWE,Sweden,G,AR,P,0,0,0,29,29
2009,SWE,Sweden,G,FI,P,0,0,25,53,78
2009,CHE,Switzerland,G,FI,P,0,5,16,10,31
2009,USA,United States of America,G,EO,P,26,0,126,56,208
2009,USA,United States of America,G,IN,C,66,0,160,5,231
2010,ARG,Argentina,G,FI,P,0,0,0,5,5
2010,AUS,Australia,G,AR,C,0,0,0,5,5
2010,AUS,Australia,G,FI,P,0,0,0,5,5
2010,AUT,Austria,G,FA,P,14,15,27,194,250
2010,BEL,Belgium,G,FI,P,0,0,10,30,40
2010,BLR,Belarus,G,FI,P,0,0,5,5,10
2010,BGR,Bulgaria,G,FI,C,0,0,0,5,5
2010,CAN,Canada,G,FI,P,66,0,38,55,159
2010,CYP,Cyprus,G,AR,P,0,0,22,5,27
2010,CYP,Cyprus,G,FI,P,0,0,0,16,16
2010,CZE,Czechia,G,AR,P,23,0,22,69,114
2010,CZE,Czechia,G,FI,P,11,5,56,72,144
2010,FIN,Finland,G,FI,P,0,0,5,5,10
2010,FRA,France,G,FI,P,10,0,0,73,83
2010,FRA,France,G,RA,P,5,5,0,0,10
2010,GBR,United Kingdom of Great Britain and Northern Ireland,G,FI,P,0,5,15,44,64
2010,GEO,Georgia,G,FA,P,0,0,0,5,5
2010,DEU,Germany,G,NA,P,0,0,24,27,51
2010,DEU,Germany,G,RA,P,0,0,10,0,10
2010,GRC,Greece,G,FI,P,0,0,19,13,32
2010,HRV,Croatia,G,AR,P,0,0,0,5,5
2010,HRV,Croatia,G,FI,P,0,0,0,5,5
2010,HUN,Hungary,G,FI,P,0,0,5,5,10
2010,IRL,Ireland,G,AR,P,0,0,0,14,14
2010,IRL,Ireland,G,FI,P,0,0,0,10,10
2010,ITA,Italy,G,FI,P,0,0,0,16,16
2010,LUX,Luxembourg,G,FI,P,0,0,5,0,5
2010,MDA,Republic of Moldova,G,FA,P,0,0,0,5,5
2010,NLD,Netherlands,G,FI,P,0,5,0,27,32
2010,NOR,Norway,G,AR,P,0,0,0,25,25
2010,NOR,Norway,G,FI,P,0,0,14,0,14
2010,POL,Poland,G,FI,P,0,5,13,11,29
2010,ROU,Romania,G,FA,P,0,0,0,10,10
2010,RUS,Russian Federation,G,FI,P,0,0,0,14,14
2010,RUS,Russian Federation,G,TA,P,0,10,0,0,10
2010,ESP,Spain,G,FI,P,0,0,5,0,5
2010,SVK,Slovakia,G,FI,P,0,0,20,0,20
2010,SWE,Sweden,G,FI,P,0,0,21,95,116
2010,SWE,Sweden,G,JR,P,0,0,10,62,72
2010,CHE,Switzerland,G,FI,P,0,0,24,10,34
2010,CHE,Switzerland,G,TP,P,0,16,0,0,16
2010,USA,United States of America,G,EO,P,62,0,116,64,242
2010,USA,United States of America,G,IN,C,55,0,131,5,191
2011,AUS,Australia,G,AR,C,5,0,0,5,10
2011,AUS,Australia,G,FI,P,0,0,0,13,13
2011,AUT,Austria,G,FA,P,11,20,19,152,202
2011,BEL,Belgium,G,FI,P,0,0,0,33,33
2011,BLR,Belarus,G,FI,P,0,0,0,5,5
2011,CAN,Canada,G,FI,P,97,0,32,58,187
2011,CYP,Cyprus,G,AR,P,0,0,10,10,20
2011,CYP,Cyprus,G,FI,P,0,0,0,5,5
2011,CZE,Czechia,G,FI,P,12,0,0,0,12
2011,DNK,Denmark,G,FI,P,0,0,0,5,5
2011,FIN,Finland,G,FI,P,0,0,12,0,12
2011,FRA,France,G,FI,P,0,0,0,74,74
2011,FRA,France,G,JR,P,5,0,0,46,51
2011,GBR,United Kingdom of Great Britain and Northern Ireland,G,AR,C,5,0,0,5,10
2011,GBR,United Kingdom of Great Britain and Northern Ireland,G,FI,P,0,0,10,30,40
2011,DEU,Germany,G,NA,P,5,10,14,33,62
2011,DEU,Germany,G,RA,P,0,0,10,0,10
2011,GRC,Greece,G,FI,P,0,0,14,41,55
2011,HUN,Hungary,G,FI,P,0,0,5,0,5
2011,IRL,Ireland,G,FI,P,0,0,0,5,5
2011,ITA,Italy,G,FI,P,0,0,0,19,19
2011,MDA,Republic of Moldova,G,FA,P,0,0,0,12,12
2011,NLD,Netherlands,G,FI,P,0,0,0,35,35
2011,NLD,Netherlands,G,JR,P,0,0,0,5,5
2011,NOR,Norway,G,AR,P,0,0,0,10,10
2011,NOR,Norway,G,FI,P,0,0,11,5,16
2011,POL,Poland,G,FI,P,0,5,31,39,75
2011,ROU,Romania,G,FA,P,0,0,0,5,5
2011,RUS,Russian Federation,G,FI,P,0,0,10,0,10
2011,RUS,Russian Federation,G,TA,P,0,0,5,0,5
2011,ESP,Spain,G,FI,P,0,0,0,10,10
2011,SVK,Slovakia,G,FI,C,0,0,5,0,5
2011,SVN,Slovenia,G,FI,P,0,0,5,0,5
2011,SWE,Sweden,G,AR,P,0,5,11,104,120
2011,SWE,Sweden,G,FI,P,0,5,17,127,149
2011,CHE,Switzerland,G,FI,P,0,0,23,5,28
2011,USA,United States of America,G,EO,P,56,0,114,82,252
2011,USA,United States of America,G,IN,C,99,0,137,5,241
2012,AUS,Australia,G,AR,C,0,0,5,0,5
2012,AUS,Australia,G,FI,P,0,0,0,16,16
2012,AUT,Austria,G,FA,P,10,0,10,55,75
2012,BEL,Belgium,G,FI,P,10,0,16,75,101
2012,BGR,Bulgaria,G,FA,P,0,0,5,0,5
2012,CAN,Canada,G,FI,P,72,0,23,57,152
2012,CYP,Cyprus,G,AR,P,0,0,19,30,49
2012,CYP,Cyprus,G,FI,P,0,0,5,5,10
2012,CZE,Czechia,G,FI,P,5,5,74,117,201
2012,FIN,Finland,G,FI,P,0,0,5,0,5
2012,FRA,France,G,AR,P,5,0,0,63,68
2012,FRA,France,G,FI,P,5,0,0,87,92
2012,GBR,United Kingdom of Great Britain and Northern Ireland,G,AR,C,12,0,0,0,12
2012,GBR,United Kingdom of Great Britain and Northern Ireland,G,FI,P,10,0,12,33,55
2012,DEU,Germany,G,NA,P,0,0,5,18,23
2012,DEU,Germany,G,RA,P,0,5,16,0,21
2012,GRC,Greece,G,FI,P,0,0,30,32,62
2012,HRV,Croatia,G,FI,P,5,0,0,5,10
2012,IRL,Ireland,G,AR,P,0,0,0,13,13
2012,IRL,Ireland,G,FI,P,0,0,0,16,16
2012,ITA,Italy,G,FI,P,0,0,0,11,11
2012,LIE,Liechtenstein,G,FI,P,0,0,0,5,5
2012,LTU,Lithuania,G,FI,P,5,0,0,0,5
2012,NLD,Netherlands,G,FI,P,0,0,0,33,33
2012,NOR,Norway,G,AR,P,0,0,0,5,5
2012,NOR,Norway,G,FI,P,0,0,10,16,26
2012,POL,Poland,G,AR,P,0,0,10,11,21
2012,POL,Poland,G,FI,P,0,0,32,48,80
2012,PRT,Portugal,G,FI,P,0,0,5,0,5
2012,RUS,Russian Federation,G,FI,P,0,0,0,13,13
2012,RUS,Russian Federation,G,TA,P,0,0,0,5,5
2012,ESP,Spain,G,FI,P,0,0,0,15,15
2012,SVK,Slovakia,G,FI,P,0,0,5,5,10
2012,SWE,Sweden,G,AR,P,0,0,19,146,165
2012,SWE,Sweden,G,FI,P,0,0,24,91,115
2012,CHE,Switzerland,G,AR,P,0,0,0,0,13
2012,CHE,Switzerland,G,FI,P,0,0,18,5,23
2012,USA,United States of America,G,EO,P,36,0,72,22,130
2012,USA,United States of America,G,IN,C,106,0,135,5,246
2013,ARG,Argentina,G,FI,P,11,0,0,0,11
2013,AUS,Australia,G,AR,C,0,0,0,10,10
2013,AUS,Australia,G,FI,P,0,0,0,14,14
2013,AUT,Austria,G,FA,P,0,10,10,68,88
2013,BEL,Belgium,G,FI,P,10,0,5,31,46
2013,BEL,Belgium,G,JR,C,0,0,5,25,30
2013,BEL,Belgium,G,RA,P,0,0,5,0,5
2013,BLR,Belarus,G,FI,P,0,0,0,5,5
2013,BGR,Bulgaria,G,FI,P,0,0,0,5,5
2013,CAN,Canada,G,FI,P,55,0,22,57,134
2013,CYP,Cyprus,G,AR,P,0,0,0,5,5
2013,CZE,Czechia,G,FI,P,10,0,69,92,171
2013,DNK,Denmark,G,AR,P,5,0,0,0,5
2013,DNK,Denmark,G,FI,P,5,0,0,21,26
2013,FIN,Finland,G,FI,P,0,0,5,13,18
2013,FRA,France,G,AR,P,10,0,0,69,79
2013,FRA,France,G,FI,P,12,0,0,97,109
2013,GBR,United Kingdom of Great Britain and Northern Ireland,G,AR,C,5,0,0,5,10
2013,GBR,United Kingdom of Great Britain and Northern Ireland,G,FI,P,10,0,14,21,45
2013,DEU,Germany,G,NA,P,0,5,26,24,55
2013,GRC,Greece,G,AR,P,0,5,0,0,5
2013,GRC,Greece,G,FI,P,0,0,16,27,43
2013,HUN,Hungary,G,FI,P,0,0,5,0,5
2013,IRL,Ireland,G,AR,P,0,0,0,5,5
2013,IRL,Ireland,G,FI,P,0,0,11,0,11
2013,IRL,Ireland,G,SP,P,0,0,0,5,5
2013,ITA,Italy,G,FI,P,5,15,0,18,38
2013,LIE,Liechtenstein,G,FI,P,0,0,5,0,5
2013,LTU,Lithuania,G,FI,P,5,0,0,0,5
2013,NLD,Netherlands,G,FI,P,0,5,0,38,43
2013,NLD,Netherlands,G,JR,P,5,0,0,0,5
2013,NOR,Norway,G,AR,P,0,0,0,37,37
2013,NOR,Norway,G,FI,P,0,5,10,14,29
2013,PER,Peru,G,FI,P,5,0,0,0,5
2013,POL,Poland,G,AR,P,0,0,0,11,11
2013,POL,Poland,G,FI,P,0,13,27,38,78
2013,ROU,Romania,G,FI,P,0,0,0,10,10
2013,RUS,Russian Federation,G,FI,P,0,0,5,10,15
2013,RUS,Russian Federation,G,TA,P,0,0,0,5,5
2013,ESP,Spain,G,FI,P,0,0,0,11,11
2013,SVK,Slovakia,G,FI,P,0,0,5,0,5
2013,SVN,Slovenia,G,FI,P,0,0,5,0,5
2013,SWE,Sweden,G,AR,P,0,0,10,78,88
2013,SWE,Sweden,G,FI,P,0,12,43,72,127
2013,CHE,Switzerland,G,AR,P,0,10,0,12,22
2013,CHE,Switzerland,G,FI,P,0,14,33,0,47
2013,USA,United States of America,G,EO,P,53,0,71,40,164
2013,USA,United States of America,G,IN,C,68,0,83,5,156
2014,ARG,Argentina,G,FI,P,0,0,0,5,5
2014,ARM,Armenia,G,FI,P,43,0,46,0,89
2014,AUS,Australia,G,AR,C,0,0,0,5,5
2014,AUS,Australia,G,FI,P,0,0,0,13,13
2014,AZE,Azerbaijan,G,FI,P,0,0,10,59,69
2014,BEL,Belgium,G,FI,P,12,0,70,130,212
2014,BEL,Belgium,G,JR,C,0,0,0,18,18
2014,BEL,Belgium,G,RA,P,0,0,26,0,26
2014,BLR,Belarus,G,FI,P,0,284,181,31,496
2014,BGR,Bulgaria,G,FI,P,0,0,11,0,11
2014,CAN,Canada,G,AR,P,0,0,0,17,17
2014,CAN,Canada,G,FI,P,214,0,23,132,369
2014,CRI,Costa Rica,G,FI,P,5,0,0,0,5
2014,CYP,Cyprus,G,FI,P,0,0,10,0,10
2014,CZE,Czechia,G,FI,P,25,119,120,106,370
2014,DNK,Denmark,G,AR,P,0,0,0,18,18
2014,DNK,Denmark,G,FI,P,0,0,0,10,10
2014,EST,Estonia,G,FI,P,0,0,14,0,14
2014,FIN,Finland,G,FI,P,0,5,54,200,259
2014,FRA,France,G,AR,P,5,5,0,59,69
2014,FRA,France,G,FI,P,20,0,0,171,191
2014,GBR,United Kingdom of Great Britain and Northern Ireland,G,AR,C,0,0,0,14,14
2014,GBR,United Kingdom of Great Britain and Northern Ireland,G,FI,P,0,5,56,153,214
2014,GEO,Georgia,G,FI,P,0,0,62,5,67
2014,DEU,Germany,G,NA,P,10,10,274,36,330
2014,DEU,Germany,G,RA,P,0,0,15,0,15
2014,GRC,Greece,G,AR,P,0,0,14,27,41
2014,GRC,Greece,G,FI,P,0,5,40,79,124
2014,HRV,Croatia,G,FI,P,0,0,5,5,10
2014,HUN,Hungary,G,FI,P,0,0,21,18,39
2014,ISL,Iceland,G,FI,P,0,5,0,5,10
2014,IND,India,U,FI,P,0,0,0,5,5
2014,IRL,Ireland,G,AR,P,0,0,5,0,5
2014,IRL,Ireland,G,FI,P,5,0,5,21,31
2014,IRL,Ireland,G,SP,P,0,0,15,10,25
2014,ITA,Italy,G,FI,P,10,155,0,80,245
2014,KAZ,Kazakhstan,G,FI,P,0,0,10,82,92
2014,LIE,Liechtenstein,G,FI,P,0,0,5,0,5
2014,LTU,Lithuania,G,FI,P,0,29,12,5,46
2014,LUX,Luxembourg,G,FI,P,0,0,5,0,5
2014,LVA,Latvia,G,FI,P,0,0,15,5,20
2014,MDA,Republic of Moldova,G,FI,P,0,17,18,16,51
2014,MLT,Malta,G,FI,P,0,27,18,0,45
2014,NLD,Netherlands,G,FI,P,5,0,0,153,158
2014,NLD,Netherlands,G,JR,P,0,0,0,10,10
2014,NOR,Norway,G,AR,P,0,0,5,63,68
2014,NOR,Norway,G,FI,P,0,0,40,77,117
2014,NZL,New Zealand,G,FI,C,0,0,0,5,5
2014,POL,Poland,G,AR,P,0,0,13,156,169
2014,POL,Poland,G,FI,P,0,5,373,645,1023
2014,PRT,Portugal,G,FI,P,0,18,5,0,23
2014,ROU,Romania,G,FI,P,0,16,10,5,31
2014,ZAF,South Africa,G,AR,P,0,0,0,5,5
2014,ZAF,South Africa,G,FI,P,5,0,0,0,5
2014,RUS,Russian Federation,G,FI,P,241,0,0,3886,4127
2014,RUS,Russian Federation,G,TA,P,0,248201,16687,0,264888
2014,ESP,Spain,G,FI,P,0,0,0,79,79
2014,SRB,Serbia,G,FI,P,0,0,5,0,5
2014,SVK,Slovakia,G,FI,P,0,0,5,5,10
2014,SVN,Slovenia,G,FI,P,0,0,0,10,10
2014,SWE,Sweden,G,AR,P,0,0,16,109,125
2014,SWE,Sweden,G,FI,P,10,23,234,162,429
2014,CHE,Switzerland,G,FI,P,0,0,25,92,117
2014,USA,United States of America,G,EO,P,43,11,63,30,147
2014,USA,United States of America,G,IN,C,94,0,141,44,279
2015,ARG,Argentina,G,FI,P,23,0,16,10,49
2015,ARM,Armenia,G,FI,P,68,0,36,14,118
2015,AUS,Australia,G,AR,C,0,0,0,5,5
2015,AUS,Australia,G,FI,P,5,0,5,0,10
2015,AUT,Austria,G,FA,P,22,10,47,115,194
2015,AZE,Azerbaijan,G,FI,P,0,0,10,23,33
2015,AZE,Azerbaijan,U,FI,P,17,0,0,5,22
2015,BEL,Belgium,G,FI,P,73,42,26,303,444
2015,BEL,Belgium,G,JR,C,0,0,11,108,119
2015,BEL,Belgium,G,RA,P,0,0,23,0,23
2015,BLR,Belarus,G,FI,P,0,805,100,31,936
2015,BLR,Belarus,G,JR,P,0,0,0,11,11
2015,BRA,Brazil,G,FI,P,5,0,0,0,5
2015,BGR,Bulgaria,G,FI,P,0,0,17,40,57
2015,CAN,Canada,G,AR,P,38,0,5,52,95
2015,CAN,Canada,G,FI,P,188,0,10,127,325
2015,CRI,Costa Rica,G,FI,P,10,0,0,0,10
2015,CYP,Cyprus,G,FI,P,0,0,35,0,35
2015,CZE,Czechia,G,FI,P,5,175,172,277,629
2015,DNK,Denmark,G,AR,P,0,5,0,30,35
2015,DNK,Denmark,G,FI,P,0,0,0,66,66
2015,EST,Estonia,G,FI,P,5,54,23,18,100
2015,FIN,Finland,G,FI,P,0,0,15,58,73
2015,FRA,France,G,AR,P,33,21,22,226,302
2015,FRA,France,G,FI,P,100,206,0,953,1259
2015,GBR,United Kingdom of Great Britain and Northern Ireland,G,AR,C,14,0,0,20,34
2015,GBR,United Kingdom of Great Britain and Northern Ireland,G,FI,P,0,0,73,243,316
2015,GEO,Georgia,G,FI,P,0,444,215,66,725
2015,GEO,Georgia,G,JR,P,0,0,5,0,5
2015,DEU,Germany,G,JR,P,0,0,307,18,325
2015,DEU,Germany,G,NA,P,51,0,874,42,967
2015,DEU,Germany,G,RA,P,0,0,41,0,41
2015,GRC,Greece,G,AR,P,5,28,10,28,71
2015,GRC,Greece,G,FI,P,0,42,33,130,205
2015,HRV,Croatia,G,FI,P,0,0,0,13,13
2015,HRV,Croatia,G,JR,P,0,0,0,5,5
2015,HUN,Hungary,G,FA,P,0,5,21,5,31
2015,ISL,Iceland,G,FI,P,5,5,0,0,10
2015,IND,India,U,FI,P,0,0,0,5,5
2015,IRL,Ireland,G,AR,P,5,0,0,5,10
2015,IRL,Ireland,G,FI,P,0,0,13,25,38
2015,IRL,Ireland,G,SP,P,0,0,5,10,15
2015,ITA,Italy,G,FI,P,79,1555,0,848,2482
2015,JPN,Japan,G,FI,P,0,5,0,0,5
2015,KAZ,Kazakhstan,G,AR,P,0,0,12,0,12
2015,KAZ,Kazakhstan,G,FI,P,0,0,0,16,16
2015,KGZ,Kyrgyzstan,G,FI,P,11,0,16,0,27
2015,KOR,Republic of Korea,G,FA,P,0,5,0,5,10
2015,LBN,Lebanon,U,FI,P,0,0,5,0,5
2015,LIE,Liechtenstein,G,FI,P,0,0,10,0,10
2015,LTU,Lithuania,G,FI,P,0,26,21,26,73
2015,LUX,Luxembourg,G,FI,P,0,0,26,5,31
2015,LVA,Latvia,G,FI,P,0,0,55,37,92
2015,MRT,Mauritania,U,FA,P,5,0,0,0,5
2015,MDA,Republic of Moldova,G,FI,P,0,93,50,29,172
2015,MDA,Republic of Moldova,G,JR,P,0,0,0,5,5
2015,MEX,Mexico,G,FI,P,5,0,0,0,5
2015,MNE,Montenegro,G,FA,P,0,0,5,0,5
2015,MLT,Malta,G,FI,P,0,51,5,0,56
2015,NLD,Netherlands,G,FI,P,5,0,60,387,452
2015,NLD,Netherlands,G,RA,P,0,0,0,34,34
2015,NOR,Norway,G,AR,P,0,0,5,73,78
2015,NOR,Norway,G,FI,P,0,0,35,53,88
2015,NZL,New Zealand,G,FI,C,0,0,0,5,5
2015,PER,Peru,G,FI,P,11,0,0,0,11
2015,POL,Poland,G,FI,P,0,5,766,1776,2547
2015,PRT,Portugal,G,FI,P,0,118,166,0,284
2015,ROU,Romania,G,FI,P,18,5,5,17,45
2015,ZAF,South Africa,G,FI,P,0,0,0,5,5
2015,RUS,Russian Federation,G,FI,P,84,0,0,1790,1874
2015,RUS,Russian Federation,G,TA,P,0,148379,21,0,148400
2015,ESP,Spain,G,FI,P,0,0,0,5,5
2015,SRB,Serbia,G,FI,P,12,0,0,0,12
2015,SVK,Slovakia,G,FI,P,0,12,21,10,43
2015,SVN,Slovenia,G,FI,P,0,0,11,17,28
2015,SWE,Sweden,G,AR,P,5,5,37,358,405
2015,SWE,Sweden,G,FI,P,0,25,389,438,852
2015,SWE,Sweden,G,RA,P,0,5,20,20,45
2015,CHE,Switzerland,G,FI,P,0,0,42,196,238
2015,USA,United States of America,G,EO,P,36,0,102,16,154
2015,USA,United States of America,G,IN,C,111,0,217,5,333
2016,ARG,Argentina,G,FI,P,41,0,5,5,51
2016,ARM,Armenia,G,FI,P,5,0,0,0,5
2016,AUS,Australia,G,AR,P,0,0,0,5,5
2016,AUS,Australia,G,FI,P,5,0,0,13,18
2016,AUT,Austria,G,FA,P,22,22,125,67,236
2016,BEL,Belgium,G,FI,P,56,5,11,109,181
2016,BEL,Belgium,G,JR,C,5,0,0,72,77
2016,BEL,Belgium,G,RA,P,0,0,32,0,32
2016,BLR,Belarus,G,FI,P,0,560,84,18,662
2016,BLR,Belarus,G,JR,P,0,0,5,0,5
2016,BRA,Brazil,G,FI,P,5,0,0,0,5
2016,BGR,Bulgaria,G,FI,P,0,0,0,34,34
2016,CAN,Canada,G,FI,P,154,0,14,72,240
2016,CHL,Chile,G,FI,P,0,0,5,0,5
2016,CRI,Costa Rica,G,FI,P,5,0,0,0,5
2016,CYP,Cyprus,G,FI,P,0,0,24,0,24
2016,CZE,Czechia,G,FI,P,5,46,180,306,537
2016,DNK,Denmark,G,AR,P,10,0,0,33,43
2016,DNK,Denmark,G,FI,P,0,0,0,42,42
2016,DOM,Dominican Republic,U,FI,P,5,0,0,0,5
2016,EST,Estonia,G,FI,P,0,22,5,13,40
2016,FJI,Fiji,G,AR,P,0,0,5,0,5
2016,FIN,Finland,G,FI,P,0,0,23,47,70
2016,FIN,Finland,G,RA,P,0,0,10,0,10
2016,FRA,France,G,AR,P,89,13,44,642,788
2016,FRA,France,G,FI,P,143,71,0,847,1061
2016,FRA,France,G,RA,P,5,0,36,20,61
2016,GBR,United Kingdom of Great Britain and Northern Ireland,G,AR,C,13,0,5,34,52
2016,GBR,United Kingdom of Great Britain and Northern Ireland,G,FI,P,0,0,32,105,137
2016,GEO,Georgia,G,FI,P,0,51,17,5,73
2016,DEU,Germany,G,JR,P,0,0,629,180,809
2016,DEU,Germany,G,NA,P,28,34,1605,2260,3927
2016,DEU,Germany,G,RA,P,0,0,93,20,113
2016,GRC,Greece,G,AR,P,0,5,10,28,43
2016,GRC,Greece,G,FI,P,0,24,27,68,119
2016,HRV,Croatia,G,FI,P,0,0,5,0,5
2016,HRV,Croatia,G,JR,P,0,0,0,10,10
2016,HUN,Hungary,G,FA,P,5,0,20,5,30
2016,ISL,Iceland,G,FI,P,0,5,5,5,15
2016,IND,India,U,FI,P,0,0,0,11,11
2016,IRL,Ireland,G,AR,P,5,0,5,11,21
2016,IRL,Ireland,G,FI,P,10,0,5,27,42
2016,IRL,Ireland,G,SP,P,5,0,0,5,10
2016,IRL,Ireland,G,SP,P,0,0,5,0,5
2016,ITA,Italy,G,FI,P,55,1795,0,1394,3244
2016,KGZ,Kyrgyzstan,G,FI,P,11,0,0,0,11
2016,KOR,Republic of Korea,G,FA,P,0,0,0,14,14
2016,LIE,Liechtenstein,G,FI,P,0,5,0,0,5
2016,LKA,Sri Lanka,U,FI,P,0,0,5,0,5
2016,LTU,Lithuania,G,FI,P,0,0,14,22,36
2016,LUX,Luxembourg,G,AR,P,0,0,0,5,5
2016,LUX,Luxembourg,G,FI,P,0,0,0,10,10
2016,LVA,Latvia,G,FI,P,0,0,0,10,10
2016,MDA,Republic of Moldova,G,FI,P,0,5,17,27,49
2016,MDA,Republic of Moldova,G,JR,P,0,0,0,20,20
2016,MNE,Montenegro,G,FA,P,0,0,0,5,5
2016,MLT,Malta,G,FI,P,0,31,11,0,42
2016,NLD,Netherlands,G,FI,P,5,0,361,170,536
2016,NLD,Netherlands,G,RA,P,0,0,0,20,20
2016,NOR,Norway,G,AR,P,0,0,5,27,32
2016,NOR,Norway,G,FI,P,0,0,31,14,45
2016,PER,Peru,G,FI,P,5,0,0,0,5
2016,POL,Poland,G,AR,P,5,5,130,451,591
2016,POL,Poland,G,FI,P,16,51,434,696,1197
2016,PRT,Portugal,G,FI,P,5,191,60,5,261
2016,ROU,Romania,G,FI,P,5,0,5,0,10
2016,ROU,Romania,G,JR,P,0,0,0,5,5
2016,ZAF,South Africa,G,AR,P,0,0,5,0,5
2016,RUS,Russian Federation,G,FI,P,33,0,302,0,335
2016,RUS,Russian Federation,G,TA,P,0,21095,1018,0,22113
2016,ESP,Spain,G,FI,P,16,50,0,345,411
2016,SRB,Serbia,G,FI,P,0,5,0,0,5
2016,SVK,Slovakia,G,FI,P,0,0,5,14,19
2016,SWE,Sweden,G,AR,P,10,11,108,805,934
2016,SWE,Sweden,G,FI,P,15,47,367,1213,1642
2016,SWE,Sweden,G,RA,P,0,5,31,45,81
2016,CHE,Switzerland,G,FI,P,5,19,73,87,184
2016,SYR,Syrian Arab Republic,U,FI,P,0,0,0,5,5
2016,THA,Thailand,U,FI,P,5,0,0,0,5
2016,URY,Uruguay,G,FI,P,0,0,5,0,5
2016,USA,United States of America,G,EO,P,54,0,109,21,184
2016,USA,United States of America,G,IN,C,93,0,207,0,300
2017,ARG,Argentina,G,FI,P,12,0,35,5,52
2017,ARM,Armenia,G,FI,P,13,0,0,0,13
2017,AUS,Australia,G,AR,P,0,0,0,10,10
2017,AUS,Australia,G,FI,P,0,0,0,18,18
2017,AUT,Austria,G,FA,P,10,13,183,247,453
2017,BEL,Belgium,G,FI,P,30,15,0,200,245
2017,BLR,Belarus,G,FI,P,0,518,16,15,549
2017,BLR,Belarus,G,JR,P,0,0,0,5,5
2017,BRA,Brazil,G,FI,P,5,0,0,0,5
2017,BGR,Bulgaria,G,FA,P,0,0,5,24,29
2017,CAN,Canada,G,AR,P,12,0,0,12,24
2017,CAN,Canada,G,FI,P,102,0,12,48,162
2017,CRI,Costa Rica,G,FI,P,5,0,0,0,5
2017,CYP,Cyprus,G,AR,P,0,0,5,0,5
2017,CYP,Cyprus,G,FI,P,0,0,18,86,104
2017,CYP,Cyprus,G,FI,P,0,0,5,0,5
2017,CZE,Czechia,G,FI,P,10,25,196,276,507
2017,DNK,Denmark,G,AR,P,0,0,0,19,19
2017,DNK,Denmark,G,FI,P,0,0,0,30,30
2017,EST,Estonia,G,FI,P,0,10,5,5,20
2017,FIN,Finland,G,FI,C,0,0,27,21,48
2017,FIN,Finland,G,RA,C,0,0,5,0,5
2017,FRA,France,G,AR,P,71,30,5,413,519
2017,FRA,France,G,FI,P,43,119,5,460,627
2017,GBR,United Kingdom of Great Britain and Northern Ireland,G,AR,C,13,0,5,42,60
2017,GBR,United Kingdom of Great Britain and Northern Ireland,G,FI,P,13,5,45,107,170
2017,GEO,Georgia,G,FI,P,0,17,10,5,32
2017,DEU,Germany,G,JR,P,5,15,996,1191,2207
2017,DEU,Germany,G,NA,P,109,186,1046,4071,5412
2017,DEU,Germany,G,RA,P,0,5,277,98,380
2017,GRC,Greece,G,AR,P,0,5,5,12,22
2017,GRC,Greece,G,FI,P,0,17,23,50,90
2017,HUN,Hungary,G,FI,P,0,0,5,5,10
2017,ISL,Iceland,G,AR,P,0,0,0,11,11
2017,ISL,Iceland,G,FI,P,0,0,5,0,5
2017,IND,India,U,AR,P,0,0,0,5,5
2017,IND,India,U,FI,P,0,0,5,0,5
2017,IRL,Ireland,G,AR,P,0,0,0,5,5
2017,IRL,Ireland,G,FI,P,0,0,12,17,29
2017,ISR,Israel,G,FA,P,0,0,1876,949,2825
2017,ITA,Italy,G,FI,P,42,1222,109,460,1833
2017,JOR,Jordan,U,FI,P,0,0,10,0,10
2017,KAZ,Kazakhstan,G,AR,P,0,0,18,0,18
2017,KGZ,Kyrgyzstan,G,FI,P,5,0,0,0,5
2017,KOR,Republic of Korea,G,FA,P,0,0,13,0,13
2017,LIE,Liechtenstein,G,FI,P,0,0,12,0,12
2017,LTU,Lithuania,G,FI,P,0,5,10,0,15
2017,LUX,Luxembourg,G,FI,P,0,0,0,10,10
2017,LVA,Latvia,G,FI,P,0,0,5,0,5
2017,MDA,Republic of Moldova,G,FI,P,0,0,5,27,32
2017,MDA,Republic of Moldova,G,JR,P,0,0,0,10,10
2017,MEX,Mexico,G,FI,P,5,0,0,0,5
2017,MNE,Montenegro,G,FA,P,0,0,5,5,10
2017,MLT,Malta,G,AR,P,0,0,5,0,5
2017,MLT,Malta,G,FI,P,0,10,18,81,109
2017,NLD,Netherlands,G,FI,P,0,0,15,71,86
2017,NLD,Netherlands,G,RA,P,0,0,0,23,23
2017,NOR,Norway,G,AR,P,0,0,5,24,29
2017,NOR,Norway,G,FI,P,0,0,12,21,33
2017,NOR,Norway,G,RA,P,0,0,0,5,5
2017,POL,Poland,G,AR,P,0,22,0,489,511
2017,POL,Poland,G,FI,P,56,199,248,354,857
2017,PRT,Portugal,G,FI,P,5,40,0,10,55
2017,ROU,Romania,G,FI,P,0,0,0,10,10
2017,RUS,Russian Federation,G,FI,P,14,0,91,0,105
2017,RUS,Russian Federation,G,TA,P,0,9678,2932,0,12610
2017,ESP,Spain,G,FI,P,27,273,82,3017,3399
2017,SRB,Serbia,G,FI,P,0,5,0,0,5
2017,SVK,Slovakia,G,FA,P,0,12,0,5,17
2017,SVN,Slovenia,G,FA,P,0,0,0,5,5
2017,SWE,Sweden,G,AR,P,10,5,57,674,746
2017,SWE,Sweden,G,FI,P,5,5,211,401,622
2017,SWE,Sweden,G,RA,P,0,0,20,35,55
2017,CHE,Switzerland,G,FI,P,0,5,58,44,107
2017,SYR,Syrian Arab Republic,U,JR,P,0,0,5,0,5
2017,USA,United States of America,G,AR,P,35,0,52,10,97
2017,USA,United States of America,G,EO,P,38,0,27,33,98
2017,USA,United States of America,G,IN,C,189,0,226,391,806
2018,ARG,Argentina,G,AR,P,0,0,0,5,5
2018,ARG,Argentina,G,FI,P,13,0,35,0,48
2018,ARM,Armenia,G,FI,P,0,0,5,0,5
2018,AUS,Australia,G,AR,P,0,0,0,11,11
2018,AUT,Austria,G,FA,P,23,25,74,260,382
2018,BLR,Belarus,G,FI,P,0,836,30,17,883
2018,BLR,Belarus,G,JR,P,0,0,5,0,5
2018,BRA,Brazil,G,FI,P,5,0,0,0,5
2018,BGR,Bulgaria,G,FA,P,0,0,14,5,19
2018,CAN,Canada,G,AR,P,5,0,5,13,23
2018,CAN,Canada,G,FI,P,246,0,16,45,307
2018,CYP,Cyprus,G,AR,P,0,0,10,0,10
2018,CYP,Cyprus,G,FI,P,0,0,19,0,19
2018,CZE,Czechia,G,FI,P,5,13,137,222,377
2018,DNK,Denmark,G,AR,P,0,0,0,5,5
2018,DNK,Denmark,G,FI,P,0,0,0,25,25
2018,ECU,Ecuador,G,FA,P,14,0,0,0,14
2018,EST,Estonia,G,FI,P,0,0,0,5,5
2018,FIN,Finland,G,FI,P,0,0,5,20,25
2018,FRA,France,G,AR,P,28,10,66,191,295
2018,FRA,France,G,FI,P,41,54,15,373,483
2018,GBR,United Kingdom of Great Britain and Northern Ireland,G,AR,C,26,0,0,36,62
2018,GBR,United Kingdom of Great Britain and Northern Ireland,G,FI,P,5,10,62,151,228
2018,GBR,United Kingdom of Great Britain and Northern Ireland,G,RA,P,0,0,0,5,5
2018,GEO,Georgia,G,FI,P,0,5,0,5,10
2018,DEU,Germany,G,JR,P,5,10,826,1140,1981
2018,DEU,Germany,G,NA,P,20,53,181,1107,1361
2018,DEU,Germany,G,RA,P,5,0,264,60,329
2018,GRC,Greece,G,AR,P,0,5,0,19,24
2018,GRC,Greece,G,FI,P,0,10,28,46,84
2018,ISL,Iceland,G,AR,P,0,0,0,13,13
2018,ISL,Iceland,G,FI,P,0,0,5,14,19
2018,IND,India,U,FI,P,0,0,5,0,5
2018,IRL,Ireland,G,AR,P,13,0,0,0,13
2018,IRL,Ireland,G,FI,P,5,0,0,26,31
2018,ISR,Israel,G,FA,P,0,0,2840,2575,5415
2018,ITA,Italy,G,FI,P,41,874,0,1034,1949
2018,KGZ,Kyrgyzstan,G,FI,P,10,0,0,0,10
2018,KOR,Republic of Korea,G,FA,P,0,0,14,5,19
2018,LIE,Liechtenstein,G,FI,P,0,0,5,0,5
2018,LTU,Lithuania,G,FI,P,0,0,11,18,29
2018,LVA,Latvia,G,FI,P,0,0,5,0,5
2018,MDA,Republic of Moldova,G,FI,P,0,0,11,0,11
2018,MDA,Republic of Moldova,G,JR,P,0,0,10,0,10
2018,MLT,Malta,G,AR,P,0,5,20,0,25
2018,MLT,Malta,G,FI,P,0,10,21,32,63
2018,NLD,Netherlands,G,FI,P,0,0,16,202,218
2018,NLD,Netherlands,G,RA,P,0,0,0,11,11
2018,NOR,Norway,G,AR,P,5,0,0,17,22
2018,NOR,Norway,G,FI,P,0,0,10,26,36
2018,NOR,Norway,G,RA,P,0,0,0,5,5
2018,NZL,New Zealand,G,FI,P,0,0,5,0,5
2018,PER,Peru,G,FI,P,0,0,0,5,5
2018,POL,Poland,G,AR,P,0,10,13,277,300
2018,POL,Poland,G,FI,P,11,74,89,443,617
2018,PRT,Portugal,G,FI,P,0,50,35,20,105
2018,ROU,Romania,G,FI,P,0,0,5,15,20
2018,RUS,Russian Federation,G,FI,P,21,0,70,0,91
2018,RUS,Russian Federation,G,TA,P,0,5383,1120,0,6503
2018,ESP,Spain,G,FI,P,73,122,0,2681,2876
2018,SVK,Slovakia,G,FA,P,0,0,0,5,5
2018,SWE,Sweden,G,FI,P,5,0,126,348,479
2018,SWE,Sweden,G,JR,P,5,0,64,289,358
2018,SWE,Sweden,G,RA,P,0,0,10,40,50
2018,CHE,Switzerland,G,FI,P,10,5,36,40,91
2018,USA,United States of America,G,AR,P,70,0,70,19,159
2018,USA,United States of America,G,EO,P,53,0,23,38,114
2018,USA,United States of America,G,IN,C,304,0,275,567,1146
2019,ARG,Argentina,G,FI,P,10,0,30,5,45
2019,AUS,Australia,G,AR,P,0,0,0,14,14
2019,AUT,Austria,G,FA,P,12,10,47,363,432
2019,BEL,Belgium,G,FI,P,16,0,17,39,72
2019,BEL,Belgium,G,RA,P,0,0,5,16,21
2019,BLR,Belarus,G,FI,P,0,588,14,0,602
2019,BRA,Brazil,G,FI,P,5,0,0,0,5
2019,BGR,Bulgaria,G,FA,P,0,0,0,5,5
2019,CAN,Canada,G,AR,P,10,0,0,16,26
2019,CAN,Canada,G,FI,P,59,0,12,36,107
2019,CYP,Cyprus,G,AR,P,0,0,5,0,5
2019,CYP,Cyprus,G,FI,P,0,0,5,0,5
2019,CZE,Czechia,G,FI,P,5,10,147,271,433
2019,DNK,Denmark,G,AR,P,5,0,0,19,24
2019,DNK,Denmark,G,FI,P,0,0,0,20,20
2019,EST,Estonia,G,FI,P,5,0,0,10,15
2019,FIN,Finland,G,FI,C,5,0,12,29,46
2019,FIN,Finland,G,RA,C,0,0,11,0,11
2019,FRA,France,G,AR,P,53,30,5,201,289
2019,FRA,France,G,FI,P,50,32,79,450,611
2019,GBR,United Kingdom of Great Britain and Northern Ireland,G,AR,C,29,0,5,33,67
2019,GBR,United Kingdom of Great Britain and Northern Ireland,G,FI,P,5,10,48,134,197
2019,GEO,Georgia,G,FI,P,0,0,11,0,11
2019,DEU,Germany,G,JR,P,14,32,618,1213,1877
2019,DEU,Germany,G,NA,P,10,41,240,808,1099
2019,DEU,Germany,G,RA,P,5,5,269,52,331
2019,GRC,Greece,G,FI,P,0,5,28,71,104
2019,HRV,Croatia,G,FI,P,0,0,0,5,5
2019,HRV,Croatia,G,JR,P,0,0,0,5,5
2019,ISL,Iceland,G,AR,P,0,0,5,16,21
2019,ISL,Iceland,G,FI,P,0,0,5,24,29
2019,IRL,Ireland,G,AR,P,5,0,5,11,21
2019,IRL,Ireland,G,FI,P,5,0,0,13,18
2019,ISR,Israel,G,FA,P,0,5,2391,1038,3434
2019,ITA,Italy,G,FI,P,105,387,0,3515,4007
2019,KGZ,Kyrgyzstan,G,FI,P,5,0,0,0,5
2019,KOR,Republic of Korea,G,FA,P,0,0,13,11,24
2019,LTU,Lithuania,G,FI,P,0,0,0,15,15
2019,LUX,Luxembourg,G,FI,P,0,0,0,15,15
2019,LVA,Latvia,G,FI,P,0,0,0,11,11
2019,MDA,Republic of Moldova,G,FI,P,0,0,0,5,5
2019,MDA,Republic of Moldova,G,JR,P,0,0,0,5,5
2019,MEX,Mexico,G,FI,P,0,0,5,0,5
2019,MLT,Malta,G,AR,P,0,0,10,0,10
2019,MLT,Malta,G,FI,P,0,0,12,0,12
2019,NLD,Netherlands,G,FI,P,0,0,21,48,69
2019,NLD,Netherlands,G,RA,P,0,0,12,15,27
2019,NOR,Norway,G,AR,P,0,0,0,19,19
2019,NOR,Norway,G,FI,P,0,0,0,23,23
2019,NZL,New Zealand,G,FI,P,0,0,0,5,5
2019,POL,Poland,G,AR,P,5,0,0,143,148
2019,POL,Poland,G,FI,P,5,11,86,356,458
2019,PRT,Portugal,G,FI,P,0,13,27,0,40
2019,ROU,Romania,G,FI,P,0,0,12,11,23
2019,RUS,Russian Federation,G,FI,P,16,0,27,0,43
2019,RUS,Russian Federation,G,TA,P,5300,0,650,0,5950
2019,ESP,Spain,G,FI,P,13,56,0,1024,1093
2019,SVK,Slovakia,G,FI,P,0,0,0,12,12
2019,SWE,Sweden,G,AR,P,0,0,60,502,562
2019,SWE,Sweden,G,FI,P,0,0,183,624,807
2019,SWE,Sweden,G,RA,P,0,0,18,19,37
2019,CHE,Switzerland,G,FI,P,0,5,28,29,62
2019,USA,United States of America,G,AR,P,83,0,75,42,200
2019,USA,United States of America,G,EO,P,68,0,15,55,138
2019,USA,United States of America,G,IN,C,250,0,204,529,983
