Year,Country of Asylum Code,Country of Asylum Name,Population Type,Female 0-4,Female 5-11,Female 12-17,Female 18-59,Female 60 or more,Female Unknown,Female Total,Male 0-4,Male 5-11,Male 12-17,Male 18-59,Male 60 or more,Male Unknown,Male Total,Total
2001,ARG,Argentina,ASY,0,0,0,0,0,0,0,0,0,0,0,0,0,0,25
2001,AUS,Australia,ASY,0,0,0,0,0,0,0,0,0,0,0,0,0,0,259
2001,AUS,Australia,REF,0,0,0,0,0,0,0,0,0,0,0,0,0,0,27
2001,AUT,Austria,REF,0,0,0,0,0,0,0,0,0,0,0,0,0,0,19
2001,AZE,Azerbaijan,ASY,0,0,0,0,0,0,0,0,0,0,0,0,0,0,0
2001,BEL,Belgium,REF,0,0,0,0,0,82,82,0,0,0,0,0,106,106,188
2001,BLR,Belarus,ASY,0,0,0,0,0,0,0,0,0,0,0,0,0,0,0
2001,CAN,Canada,ASY,0,0,0,0,0,0,0,0,0,0,0,0,0,0,546
2001,CAN,Canada,REF,0,0,0,0,0,0,0,0,0,0,0,0,0,0,726
2001,COL,Colombia,REF,0,0,0,0,0,0,0,0,0,0,0,0,0,0,0
2001,CYP,Cyprus,ASY,0,0,0,0,0,0,0,0,0,0,0,0,0,0,20
2001,CZE,Czechia,ASY,0,0,0,0,0,0,0,0,0,0,0,0,0,0,3564
2001,CZE,Czechia,REF,0,0,0,0,0,0,0,0,0,0,0,0,0,0,21
2001,DNK,Denmark,ASY,0,0,0,0,0,0,0,0,0,0,0,0,0,0,25
2001,DNK,Denmark,REF,0,0,0,0,0,0,0,0,0,0,0,0,0,0,59
2001,ECU,Ecuador,ASY,0,0,0,0,0,0,0,0,0,0,0,0,0,0,5
2001,ECU,Ecuador,REF,0,0,0,0,0,0,0,0,0,0,0,0,0,0,0
2001,EST,Estonia,ASY,0,0,0,0,0,0,0,0,0,0,0,0,0,0,0
2001,FIN,Finland,REF,0,0,0,0,0,0,0,0,0,0,0,0,0,0,11
2001,FRA,France,REF,0,0,0,0,0,202,202,0,0,0,0,0,205,205,407
2001,GBR,United Kingdom of Great Britain and Northern Ireland,REF,0,0,0,0,0,0,0,0,0,0,0,0,0,0,260
2001,DEU,Germany,ASY,0,0,0,0,0,0,0,0,0,0,0,0,0,0,211
2001,HUN,Hungary,ASY,0,0,0,0,0,0,0,0,0,0,0,0,0,0,12
2001,HUN,Hungary,REF,0,0,0,0,0,0,0,0,0,0,0,0,0,0,10
2001,ISL,Iceland,REF,0,0,0,0,0,0,0,0,0,0,0,0,0,0,5
2001,IRL,Ireland,REF,0,0,0,0,0,0,0,0,0,0,0,0,0,0,24
2001,ISR,Israel,ASY,0,0,0,0,0,0,0,0,0,0,0,0,0,0,5
2001,ITA,Italy,REF,0,0,0,0,0,0,0,0,0,0,0,0,0,0,22
2001,MEX,Mexico,REF,0,0,0,0,0,0,0,0,0,0,6,0,0,6,6
2001,NLD,Netherlands,ASY,0,0,0,0,0,0,0,0,0,0,0,0,0,0,352
2001,NLD,Netherlands,REF,0,0,0,0,0,0,0,0,0,0,0,0,0,0,444
2001,NOR,Norway,REF,0,0,0,0,0,0,0,0,0,0,0,0,0,0,67
2001,PAN,Panama,REF,0,0,0,0,0,0,0,0,0,0,0,0,0,0,0
2001,PER,Peru,REF,0,0,0,0,0,0,0,0,0,0,0,0,0,0,0
2001,ZAF,South Africa,ASY,0,0,0,0,0,0,0,0,0,0,0,0,0,0,0
2001,RUS,Russian Federation,ASY,0,0,0,0,0,0,0,0,0,0,0,0,0,0,0
2001,RUS,Russian Federation,REF,0,0,0,0,0,0,0,0,0,0,0,0,0,0,5
2001,ESP,Spain,REF,0,0,0,0,0,0,0,0,0,0,0,0,0,0,54
2001,SVK,Slovakia,ASY,0,0,0,0,0,0,0,0,0,0,0,0,0,0,6
2001,SVN,Slovenia,ASY,0,0,0,0,0,0,0,0,0,0,0,0,6,6,6
2001,SWE,Sweden,REF,0,0,0,0,0,0,0,0,0,0,0,0,0,0,236
2001,CHE,Switzerland,ASY,0,0,0,27,0,8,35,5,0,0,48,0,0,53,88
2001,CHE,Switzerland,REF,0,0,0,0,0,10,10,0,0,0,0,0,0,0,10
2001,URY,Uruguay,REF,0,0,0,0,9,0,9,0,0,0,5,0,0,5,14
2001,USA,United States of America,ASY,0,0,0,0,0,0,0,0,0,0,0,0,0,0,772
2001,USA,United States of America,REF,0,0,0,0,0,0,0,0,0,0,0,0,0,0,24097
2002,ARG,Argentina,ASY,0,0,0,0,0,0,0,0,0,0,0,0,0,0,23
2002,ARG,Argentina,REF,0,0,0,0,0,0,0,0,0,0,0,0,0,0,0
2002,AUS,Australia,ASY,0,0,0,0,0,0,0,0,0,0,0,0,0,0,125
2002,AUS,Australia,REF,0,0,0,0,0,0,0,0,0,0,0,0,0,0,40
2002,AUT,Austria,REF,0,0,0,0,0,0,0,0,0,0,0,0,0,0,28
2002,BEL,Belgium,REF,0,0,0,0,0,0,0,0,0,0,0,0,0,0,173
2002,BLR,Belarus,ASY,0,0,0,0,0,0,0,0,0,0,0,0,0,0,0
2002,BIH,Bosnia and Herzegovina,ASY,0,0,0,0,0,0,0,0,0,0,0,0,0,0,0
2002,CAN,Canada,ASY,0,0,0,0,0,0,0,0,0,0,0,0,0,0,570
2002,CAN,Canada,REF,0,0,0,0,0,0,0,0,0,0,0,0,0,0,712
2002,COL,Colombia,REF,0,0,0,0,0,0,0,0,0,0,0,0,0,0,0
2002,CYP,Cyprus,ASY,0,0,0,0,0,0,0,0,0,0,0,0,0,0,34
2002,CZE,Czechia,ASY,0,0,0,0,0,0,0,0,0,0,0,0,0,0,1983
2002,CZE,Czechia,REF,0,0,0,0,0,0,0,0,0,0,0,0,0,0,23
2002,DNK,Denmark,ASY,0,0,0,0,0,0,0,0,0,0,0,0,0,0,10
2002,DNK,Denmark,REF,0,0,0,0,0,0,0,0,0,0,0,0,0,0,58
2002,ECU,Ecuador,REF,0,0,0,0,0,0,0,0,0,0,0,0,0,0,0
2002,EST,Estonia,ASY,0,0,0,0,0,0,0,0,0,0,0,0,0,0,0
2002,FIN,Finland,REF,0,0,0,0,0,0,0,0,0,0,0,0,0,0,14
2002,FRA,France,REF,0,0,0,0,0,226,226,0,0,0,0,0,212,212,438
2002,GBR,United Kingdom of Great Britain and Northern Ireland,REF,0,0,0,0,0,0,0,0,0,0,0,0,0,0,345
2002,DEU,Germany,ASY,0,0,0,0,0,0,0,0,0,0,0,0,0,0,245
2002,DEU,Germany,REF,0,0,0,0,0,0,0,0,0,0,0,0,0,0,53502
2002,HUN,Hungary,ASY,0,0,0,0,0,0,0,0,0,0,0,0,0,0,5
2002,HUN,Hungary,REF,0,0,0,0,0,0,0,0,0,0,0,0,0,0,13
2002,ISL,Iceland,REF,0,0,0,0,0,0,0,0,0,0,0,0,0,0,5
2002,IRL,Ireland,REF,0,0,0,0,0,0,0,0,0,0,0,0,0,0,57
2002,ISR,Israel,ASY,0,0,0,0,0,0,0,0,0,0,0,0,0,0,5
2002,ITA,Italy,REF,0,0,0,0,0,0,0,0,0,0,0,0,0,0,22
2002,LIE,Liechtenstein,ASY,0,0,0,0,0,0,0,0,0,0,0,0,0,0,0
2002,LTU,Lithuania,ASY,0,0,0,0,0,0,0,0,0,0,0,0,0,0,0
2002,MEX,Mexico,REF,0,0,0,0,0,0,0,0,0,0,6,0,0,6,6
2002,NLD,Netherlands,ASY,0,0,0,0,0,0,0,0,0,0,0,0,0,0,271
2002,NLD,Netherlands,REF,0,0,0,0,0,0,0,0,0,0,0,0,0,0,462
2002,NOR,Norway,REF,0,0,0,0,0,0,0,0,0,0,0,0,0,0,74
2002,PAN,Panama,REF,0,0,0,0,0,0,0,0,0,0,0,0,0,0,0
2002,PER,Peru,REF,0,0,0,0,0,0,0,0,0,0,0,0,0,0,0
2002,POL,Poland,ASY,0,0,0,0,0,0,0,0,0,0,0,0,0,0,8
2002,ESP,Spain,REF,0,0,0,0,0,0,0,0,0,0,0,0,0,0,62
2002,SVK,Slovakia,ASY,0,0,0,0,0,0,0,0,0,0,0,0,0,0,33
2002,SVN,Slovenia,ASY,0,0,0,0,0,7,7,0,0,0,0,0,7,7,14
2002,SWE,Sweden,ASY,0,0,0,0,0,0,0,0,0,0,0,0,0,0,617
2002,SWE,Sweden,REF,0,0,0,0,0,0,0,0,0,0,0,0,0,0,229
2002,CHE,Switzerland,ASY,6,0,0,53,0,11,70,5,0,0,82,0,6,93,163
2002,CHE,Switzerland,REF,0,0,0,0,0,0,0,0,0,0,0,0,9,9,14
2002,URY,Uruguay,REF,0,0,0,8,0,0,8,0,0,0,6,0,0,6,14
2002,USA,United States of America,ASY,0,0,0,0,0,0,0,0,0,0,0,0,0,0,764
2002,USA,United States of America,REF,0,0,0,0,0,0,0,0,0,0,0,0,0,0,28967
2003,EGY,Egypt,ASY,0,0,0,0,0,0,0,0,0,0,0,0,0,0,0
2003,ARG,Argentina,ASY,0,0,0,0,0,0,0,0,0,0,0,0,0,0,17
2003,ARG,Argentina,REF,0,0,0,0,0,0,0,0,0,0,0,0,0,0,5
2003,ARM,Armenia,ASY,0,0,0,0,0,0,0,0,0,0,0,0,0,0,0
2003,AUS,Australia,ASY,0,0,0,0,0,0,0,0,0,0,0,0,0,0,9
2003,AUS,Australia,REF,0,0,0,0,0,0,0,0,0,0,0,0,0,0,44
2003,AUT,Austria,REF,0,0,0,0,0,0,0,0,0,0,0,0,0,0,38
2003,BEL,Belgium,ASY,0,0,0,0,0,0,0,0,0,0,0,0,0,0,39
2003,BEL,Belgium,REF,0,0,0,0,0,0,0,0,0,0,0,0,0,0,152
2003,BLR,Belarus,ASY,0,0,0,0,0,0,0,0,0,0,0,0,0,0,0
2003,BIH,Bosnia and Herzegovina,ASY,0,0,0,0,0,0,0,0,0,0,0,0,0,0,0
2003,CAN,Canada,ASY,0,0,0,0,0,0,0,0,0,0,0,0,0,0,421
2003,CAN,Canada,REF,0,0,0,0,0,0,0,0,0,0,0,0,0,0,817
2003,COL,Colombia,REF,0,0,0,0,0,0,0,0,0,0,0,0,0,0,0
2003,CYP,Cyprus,ASY,0,0,0,0,0,0,0,0,0,0,0,0,0,0,101
2003,CZE,Czechia,ASY,0,0,0,0,0,0,0,0,0,0,0,0,0,0,565
2003,CZE,Czechia,REF,0,0,0,0,0,0,0,0,0,0,0,0,0,0,34
2003,DNK,Denmark,ASY,0,0,0,0,0,0,0,0,0,0,0,0,0,0,0
2003,DNK,Denmark,REF,0,0,0,0,0,0,0,0,0,0,0,0,0,0,60
2003,ECU,Ecuador,REF,0,0,0,0,0,0,0,0,0,0,0,0,0,0,0
2003,EST,Estonia,ASY,0,0,0,0,0,0,0,0,0,0,0,0,0,0,0
2003,FIN,Finland,REF,0,0,0,0,0,0,0,0,0,0,0,0,0,0,19
2003,FRA,France,REF,0,0,0,0,0,273,273,0,0,0,0,0,246,246,519
2003,GBR,United Kingdom of Great Britain and Northern Ireland,REF,0,0,0,0,0,0,0,0,0,0,0,0,0,0,426
2003,DEU,Germany,ASY,0,0,0,0,0,0,0,0,0,0,0,0,0,0,82
2003,DEU,Germany,REF,0,0,0,0,0,0,0,0,0,0,0,0,0,0,57309
2003,GRC,Greece,ASY,0,0,0,0,0,0,0,0,0,0,0,0,0,0,0
2003,HUN,Hungary,ASY,0,0,0,0,0,0,0,0,0,0,0,0,0,0,5
2003,HUN,Hungary,REF,0,0,0,0,0,0,0,0,0,0,0,0,0,0,15
2003,ISL,Iceland,ASY,0,0,0,0,0,0,0,0,0,0,0,0,0,0,0
2003,ISL,Iceland,REF,0,0,0,0,0,0,0,0,0,0,0,0,0,0,5
2003,IRL,Ireland,ASY,0,0,0,0,0,0,0,0,0,0,0,0,0,0,173
2003,IRL,Ireland,REF,0,0,0,0,0,0,0,0,0,0,0,0,0,0,88
2003,ITA,Italy,REF,0,0,0,0,0,0,0,0,0,0,0,0,0,0,25
2003,LIE,Liechtenstein,ASY,0,0,0,0,0,0,0,0,0,0,0,0,0,0,0
2003,LTU,Lithuania,ASY,0,0,0,0,0,0,0,0,0,0,0,0,0,0,0
2003,LTU,Lithuania,REF,0,0,0,0,0,0,0,0,0,0,0,0,0,0,0
2003,NLD,Netherlands,ASY,0,0,0,0,0,0,0,0,0,0,0,0,0,0,188
2003,NLD,Netherlands,REF,0,0,0,0,0,0,0,0,0,0,0,0,0,0,478
2003,NOR,Norway,REF,0,0,0,0,0,0,0,0,0,0,0,0,0,0,73
2003,NZL,New Zealand,ASY,0,0,0,0,0,0,0,0,0,0,0,0,0,0,0
2003,NZL,New Zealand,REF,0,0,0,0,0,0,0,0,0,0,0,0,0,0,0
2003,PAN,Panama,REF,0,0,0,0,0,0,0,0,0,0,0,0,0,0,0
2003,PER,Peru,REF,0,0,0,0,0,0,0,0,0,0,0,0,0,0,0
2003,POL,Poland,ASY,0,0,0,5,0,5,10,0,0,0,15,0,0,15,25
2003,ROU,Romania,ASY,0,0,0,0,0,0,0,0,0,0,0,0,0,0,0
2003,RUS,Russian Federation,REF,0,0,0,0,0,0,0,0,0,0,0,0,0,0,0
2003,ESP,Spain,REF,0,0,0,0,0,0,0,0,0,0,0,0,0,0,65
2003,SVK,Slovakia,ASY,0,0,0,0,0,0,0,0,0,0,0,0,0,0,68
2003,SWE,Sweden,ASY,0,0,0,0,0,0,0,0,0,0,0,0,0,0,437
2003,SWE,Sweden,REF,0,0,0,0,0,0,0,0,0,0,0,0,0,0,218
2003,CHE,Switzerland,ASY,0,0,0,0,0,0,0,0,0,0,0,0,0,0,61
2003,CHE,Switzerland,REF,0,0,0,0,0,8,8,0,0,0,0,0,8,8,16
2003,URY,Uruguay,REF,0,0,0,0,0,0,0,0,0,0,0,0,0,0,12
2003,USA,United States of America,ASY,0,0,0,0,0,0,0,0,0,0,0,0,0,0,660
2003,USA,United States of America,REF,0,0,0,0,0,0,0,0,0,0,0,0,0,0,33724
2004,EGY,Egypt,ASY,0,0,0,0,0,0,0,0,0,0,0,0,0,0,0
2004,ARG,Argentina,ASY,0,0,0,7,0,0,7,0,0,0,11,0,0,11,18
2004,ARG,Argentina,REF,0,0,0,5,0,0,5,0,0,0,5,0,0,5,10
2004,AUS,Australia,REF,0,0,0,0,0,0,0,0,0,0,0,0,0,0,40
2004,AUT,Austria,REF,0,0,0,0,0,0,0,0,0,0,0,0,0,0,65
2004,BEL,Belgium,ASY,0,0,0,0,0,0,0,0,0,0,0,0,0,0,52
2004,BEL,Belgium,REF,0,0,0,0,0,0,0,0,0,0,0,0,0,0,144
2004,BIH,Bosnia and Herzegovina,ASY,0,0,0,5,0,0,5,0,0,0,0,0,0,0,5
2004,BIH,Bosnia and Herzegovina,REF,0,0,0,0,0,0,0,0,0,0,0,0,0,0,0
2004,BGR,Bulgaria,ASY,0,0,0,0,0,0,0,0,0,0,0,0,0,0,0
2004,CAN,Canada,ASY,0,0,0,0,0,0,0,0,0,0,0,0,0,0,363
2004,CAN,Canada,REF,0,0,0,0,0,0,0,0,0,0,0,0,0,0,961
2004,CYP,Cyprus,ASY,0,0,0,0,0,0,0,0,0,0,0,0,0,0,823
2004,CYP,Cyprus,REF,0,0,0,0,0,0,0,0,0,0,0,0,5,5,5
2004,CZE,Czechia,ASY,0,0,0,0,0,0,0,0,0,0,0,0,0,0,188
2004,CZE,Czechia,REF,0,0,0,0,0,0,0,0,0,0,0,0,0,0,38
2004,DNK,Denmark,ASY,0,0,0,0,0,0,0,0,0,0,0,0,0,0,5
2004,DNK,Denmark,REF,0,0,0,0,0,0,0,0,0,0,0,0,0,0,65
2004,ECU,Ecuador,REF,0,0,0,0,0,0,0,0,0,0,0,0,0,0,0
2004,EST,Estonia,ASY,0,0,0,0,0,0,0,0,0,0,0,0,0,0,0
2004,FIN,Finland,REF,0,0,0,0,0,0,0,0,0,0,0,0,0,0,20
2004,FRA,France,REF,0,0,0,0,0,0,0,0,0,0,0,0,0,0,583
2004,GBR,United Kingdom of Great Britain and Northern Ireland,REF,0,0,0,0,0,0,0,0,0,0,0,0,0,0,468
2004,DEU,Germany,ASY,0,0,0,0,0,0,0,0,0,0,0,0,0,0,84
2004,DEU,Germany,REF,0,0,0,0,0,0,0,0,0,0,0,0,0,0,57693
2004,GRC,Greece,ASY,0,0,0,8,0,0,8,0,0,0,0,0,0,0,8
2004,GRC,Greece,REF,0,0,0,0,0,0,0,0,0,0,0,0,0,0,5
2004,HUN,Hungary,ASY,0,0,0,0,0,0,0,0,0,0,0,0,0,0,11
2004,HUN,Hungary,REF,0,0,0,0,0,0,0,0,0,0,0,0,0,0,27
2004,ISL,Iceland,REF,0,0,0,0,0,0,0,0,0,0,0,0,0,0,5
2004,IRL,Ireland,ASY,0,0,0,0,0,0,0,0,0,0,0,0,0,0,104
2004,IRL,Ireland,REF,0,0,0,0,0,0,0,0,0,0,0,0,0,0,136
2004,ITA,Italy,REF,0,0,0,0,0,0,0,0,0,0,0,0,0,0,29
2004,JOR,Jordan,ASY,0,0,0,0,0,0,0,0,0,0,0,0,0,0,0
2004,LIE,Liechtenstein,ASY,0,0,0,0,0,0,0,0,0,0,0,0,0,0,0
2004,LTU,Lithuania,REF,0,0,0,0,0,0,0,0,0,0,0,0,0,0,0
2004,NLD,Netherlands,ASY,0,0,0,0,0,0,0,0,0,0,0,0,0,0,94
2004,NLD,Netherlands,REF,0,0,0,0,0,0,0,0,0,0,0,0,0,0,440
2004,NOR,Norway,REF,0,0,0,0,0,0,0,0,0,0,0,0,0,0,74
2004,NZL,New Zealand,ASY,0,0,0,0,0,0,0,0,0,0,0,0,0,0,0
2004,NZL,New Zealand,REF,0,0,0,0,0,0,0,0,0,0,0,0,0,0,0
2004,PAN,Panama,REF,0,0,0,0,0,0,0,0,0,0,0,0,0,0,0
2004,PER,Peru,REF,0,0,0,0,0,0,0,0,0,0,0,0,0,0,0
2004,POL,Poland,ASY,0,0,0,0,0,0,0,0,0,0,0,0,0,0,12
2004,POL,Poland,REF,0,0,0,0,0,0,0,0,0,0,0,0,0,0,10
2004,ROU,Romania,ASY,0,0,0,0,0,0,0,0,0,0,0,0,0,0,0
2004,ESP,Spain,REF,0,0,0,0,0,0,0,0,0,0,0,0,0,0,67
2004,SVK,Slovakia,ASY,0,0,0,0,0,0,0,0,0,0,0,0,0,0,72
2004,SVN,Slovenia,ASY,0,0,0,0,0,0,0,0,0,0,0,0,0,0,0
2004,SWE,Sweden,ASY,0,0,0,0,0,0,0,0,0,0,0,0,0,0,216
2004,SWE,Sweden,REF,0,0,0,0,0,0,0,0,0,0,0,0,0,0,179
2004,CHE,Switzerland,ASY,0,0,0,10,0,0,10,0,0,0,5,0,5,10,20
2004,CHE,Switzerland,REF,0,0,0,5,0,6,11,0,0,0,5,0,7,12,23
2004,URY,Uruguay,REF,0,0,0,6,0,0,6,0,0,0,6,0,0,6,12
2004,USA,United States of America,ASY,0,0,0,0,0,0,0,0,0,0,0,0,0,0,569
2004,USA,United States of America,REF,0,0,0,0,0,0,0,0,0,0,0,0,0,0,28484
2004,UZB,Uzbekistan,ASY,0,0,0,0,0,0,0,0,0,0,0,0,0,0,0
2005,ARG,Argentina,ASY,0,0,0,5,0,0,5,0,0,0,6,0,0,6,11
2005,ARG,Argentina,REF,0,0,0,5,0,0,5,0,0,0,6,0,0,6,11
2005,ARM,Armenia,ASY,0,0,0,0,0,0,0,0,0,0,0,0,0,0,0
2005,AUS,Australia,ASY,0,0,0,0,0,0,0,0,0,0,0,0,0,0,5
2005,AUS,Australia,REF,0,0,0,0,0,0,0,0,0,0,0,0,0,0,34
2005,AUT,Austria,REF,0,0,0,0,0,0,0,0,0,0,0,0,0,0,101
2005,BEL,Belgium,ASY,0,0,0,0,0,0,0,0,0,0,0,0,0,0,112
2005,BEL,Belgium,REF,0,0,0,0,0,0,0,0,0,0,0,0,0,0,138
2005,BLR,Belarus,ASY,0,0,0,0,0,0,0,0,0,0,0,0,0,0,5
2005,BIH,Bosnia and Herzegovina,ASY,0,0,0,0,0,0,0,0,0,0,0,0,0,0,0
2005,BGR,Bulgaria,ASY,0,0,0,5,0,0,5,0,0,0,0,0,0,0,5
2005,CAN,Canada,ASY,0,0,0,134,16,8,158,0,0,0,143,6,8,157,315
2005,CAN,Canada,REF,0,0,0,0,0,0,0,0,0,0,0,0,0,0,1100
2005,CYP,Cyprus,ASY,0,0,0,0,0,0,0,0,0,0,0,0,0,0,1100
2005,CYP,Cyprus,REF,0,0,0,0,0,6,6,0,0,0,0,0,6,6,12
2005,CZE,Czechia,ASY,0,0,0,0,0,0,0,0,0,0,0,0,0,0,129
2005,CZE,Czechia,REF,0,0,0,0,0,0,0,0,0,0,0,0,0,0,45
2005,DNK,Denmark,ASY,0,0,0,0,0,0,0,0,0,0,0,0,0,0,0
2005,DNK,Denmark,REF,0,0,0,0,0,0,0,0,0,0,0,0,0,0,60
2005,ECU,Ecuador,REF,0,0,0,0,0,0,0,0,0,0,0,0,0,0,0
2005,EST,Estonia,ASY,0,0,0,0,0,0,0,0,0,0,0,0,0,0,0
2005,FIN,Finland,REF,0,0,0,0,0,0,0,0,0,0,0,0,0,0,20
2005,FRA,France,REF,0,0,0,0,0,343,343,0,0,0,0,0,300,300,643
2005,GBR,United Kingdom of Great Britain and Northern Ireland,REF,0,0,0,0,0,0,0,0,0,0,0,0,0,0,484
2005,DEU,Germany,ASY,0,0,0,0,0,0,0,0,0,0,0,0,0,0,195
2005,DEU,Germany,REF,0,0,0,0,0,0,0,0,0,0,0,0,0,0,56276
2005,GRC,Greece,ASY,0,0,0,0,0,0,0,0,0,0,6,0,0,6,6
2005,GRC,Greece,REF,0,0,0,0,0,0,0,0,0,0,0,0,0,0,5
2005,HUN,Hungary,ASY,0,0,0,0,0,0,0,0,0,0,0,0,0,0,5
2005,HUN,Hungary,REF,0,0,0,0,0,0,0,0,0,0,0,0,0,0,52
2005,ISL,Iceland,ASY,0,0,0,0,0,0,0,0,0,0,0,0,0,0,0
2005,ISL,Iceland,REF,0,0,0,0,0,0,0,0,0,0,0,0,0,0,26
2005,IRL,Ireland,REF,0,0,0,0,0,0,0,0,0,0,0,0,0,0,162
2005,ISR,Israel,ASY,0,0,0,0,0,0,0,0,0,0,0,0,0,0,0
2005,ITA,Italy,REF,0,0,0,0,0,0,0,0,0,0,0,0,0,0,29
2005,JOR,Jordan,ASY,0,0,0,0,0,0,0,0,0,0,0,0,0,0,0
2005,NLD,Netherlands,ASY,0,0,0,0,0,0,0,0,0,0,0,0,0,0,57
2005,NLD,Netherlands,REF,0,0,0,0,0,0,0,0,0,0,0,0,0,0,390
2005,NOR,Norway,REF,0,0,0,0,0,0,0,0,0,0,0,0,0,0,74
2005,NZL,New Zealand,REF,0,0,0,0,0,0,0,0,0,0,0,0,0,0,0
2005,PAN,Panama,REF,0,0,0,0,0,0,0,0,0,0,0,0,0,0,0
2005,PER,Peru,REF,0,0,0,0,0,0,0,0,0,0,0,0,0,0,0
2005,POL,Poland,REF,0,0,0,0,0,0,0,0,0,0,0,0,0,0,10
2005,ROU,Romania,ASY,0,0,0,0,0,0,0,0,0,0,0,0,0,0,0
2005,RUS,Russian Federation,ASY,0,0,0,0,0,0,0,0,0,0,0,0,0,0,0
2005,ESP,Spain,REF,0,0,0,0,0,0,0,0,0,0,0,0,0,0,68
2005,SVK,Slovakia,ASY,0,0,0,0,0,0,0,0,0,0,0,0,0,0,58
2005,SVK,Slovakia,REF,0,0,0,0,0,0,0,0,0,0,0,0,0,0,12
2005,SWE,Sweden,ASY,0,0,0,0,0,0,0,0,0,0,0,0,0,0,90
2005,SWE,Sweden,REF,0,0,0,0,0,0,0,0,0,0,0,0,0,0,172
2005,CHE,Switzerland,ASY,0,0,0,0,0,0,0,0,0,0,0,0,0,0,7
2005,CHE,Switzerland,REF,0,0,0,8,0,11,19,0,0,0,5,0,7,12,31
2005,UKR,Ukraine,RET,0,0,0,0,0,0,0,0,0,0,0,0,0,0,0
2005,URY,Uruguay,REF,0,0,0,6,0,0,6,0,0,0,6,0,0,6,12
2005,USA,United States of America,ASY,0,0,0,0,0,0,0,0,0,0,0,0,0,0,564
2005,USA,United States of America,REF,0,0,0,0,0,0,0,0,0,0,0,0,0,0,24256
2006,ARG,Argentina,ASY,0,0,0,5,0,0,5,0,0,0,6,0,0,6,11
2006,ARG,Argentina,REF,0,0,0,5,0,0,5,0,0,0,6,0,0,6,11
2006,AUS,Australia,ASY,0,0,0,0,0,0,0,0,0,0,0,0,0,0,6
2006,AUS,Australia,REF,0,0,0,0,0,0,0,0,0,0,0,0,0,0,30
2006,AUT,Austria,ASY,0,0,0,0,0,0,0,0,0,0,0,0,0,0,721
2006,AUT,Austria,REF,0,0,0,0,0,0,0,0,0,0,0,0,0,0,131
2006,BEL,Belgium,ASY,0,0,0,0,0,0,0,0,0,0,0,0,0,0,42
2006,BEL,Belgium,REF,0,0,0,0,0,65,65,0,0,0,0,0,61,61,126
2006,BIH,Bosnia and Herzegovina,ASY,0,0,0,0,0,0,0,0,0,0,0,0,0,0,0
2006,CAN,Canada,ASY,0,0,0,0,0,148,148,0,0,0,0,0,130,130,283
2006,CAN,Canada,REF,0,0,0,0,0,0,0,0,0,0,0,0,0,0,1177
2006,CYP,Cyprus,ASY,0,0,0,0,0,0,0,0,0,0,0,0,0,0,870
2006,CYP,Cyprus,REF,0,0,0,0,0,7,7,0,0,0,0,0,7,7,14
2006,CZE,Czechia,ASY,0,0,0,0,0,0,0,0,0,0,0,0,0,0,658
2006,CZE,Czechia,REF,0,0,0,0,0,0,0,0,0,0,0,0,0,0,63
2006,DNK,Denmark,REF,0,0,0,0,0,0,0,0,0,0,0,0,0,0,57
2006,ECU,Ecuador,REF,0,0,0,0,0,0,0,0,0,0,0,0,0,0,0
2006,EST,Estonia,ASY,0,0,0,0,0,0,0,0,0,0,0,0,0,0,0
2006,FIN,Finland,ASY,0,0,0,0,0,0,0,0,0,0,0,0,0,0,9
2006,FIN,Finland,REF,0,0,0,0,0,0,0,0,0,0,0,0,0,0,20
2006,FRA,France,REF,0,0,0,0,0,357,357,0,0,0,0,0,306,306,663
2006,GBR,United Kingdom of Great Britain and Northern Ireland,REF,0,0,0,0,0,0,0,0,0,0,0,0,0,0,492
2006,DEU,Germany,ASY,0,0,0,0,0,0,0,0,0,0,0,0,0,0,126
2006,DEU,Germany,REF,0,0,0,0,0,0,0,0,0,0,0,0,0,0,16446
2006,GRC,Greece,REF,0,0,0,0,0,0,0,0,0,0,0,0,0,0,5
2006,HUN,Hungary,ASY,0,0,0,0,0,0,0,0,0,0,0,0,0,0,9
2006,HUN,Hungary,REF,0,0,0,0,0,0,0,0,0,0,0,0,0,0,48
2006,ISL,Iceland,ASY,0,0,0,0,0,0,0,0,0,0,0,0,0,0,5
2006,ISL,Iceland,REF,0,0,0,0,0,0,0,0,0,0,0,0,0,0,26
2006,IRL,Ireland,ASY,0,0,0,0,0,0,0,0,0,0,0,0,0,0,31
2006,IRL,Ireland,REF,0,0,0,0,0,0,0,0,0,0,0,0,0,0,163
2006,ISR,Israel,ASY,0,0,0,0,0,0,0,0,0,0,0,0,0,0,0
2006,ITA,Italy,REF,0,0,0,0,0,0,0,0,0,0,0,0,0,0,29
2006,JOR,Jordan,ASY,0,0,0,0,0,0,0,0,0,0,0,0,0,0,0
2006,NLD,Netherlands,ASY,0,0,0,0,0,0,0,0,0,0,0,0,0,0,52
2006,NLD,Netherlands,REF,0,0,0,0,0,0,0,0,0,0,0,0,0,0,241
2006,NOR,Norway,ASY,0,0,0,0,0,0,0,0,0,0,0,0,0,0,8
2006,NOR,Norway,REF,0,0,0,0,0,0,0,0,0,0,0,0,0,0,74
2006,NZL,New Zealand,ASY,0,0,0,0,0,0,0,0,0,0,0,0,0,0,0
2006,NZL,New Zealand,REF,0,0,0,0,0,0,0,0,0,0,0,0,0,0,0
2006,PAN,Panama,REF,0,0,0,0,0,0,0,0,0,0,0,0,0,0,0
2006,PER,Peru,REF,0,0,0,0,0,0,0,0,0,0,0,0,0,0,0
2006,POL,Poland,ASY,0,0,0,0,0,0,0,0,0,0,0,0,0,0,5
2006,POL,Poland,REF,0,0,0,0,0,0,0,0,0,0,0,0,0,0,11
2006,ROU,Romania,ASY,0,0,0,5,0,0,5,0,0,0,0,0,0,0,5
2006,RUS,Russian Federation,ASY,0,0,0,0,0,0,0,0,0,0,0,0,0,0,6
2006,RUS,Russian Federation,REF,0,0,0,0,0,0,0,0,0,0,0,0,0,0,0
2006,ESP,Spain,REF,0,0,0,0,0,0,0,0,0,0,0,0,0,0,65
2006,SVK,Slovakia,ASY,0,0,0,0,0,0,0,0,0,0,0,0,0,0,61
2006,SVK,Slovakia,REF,0,0,0,0,0,0,0,0,0,0,0,0,0,0,12
2006,SVN,Slovenia,ASY,0,0,0,0,0,0,0,0,0,0,0,0,0,0,0
2006,SWE,Sweden,ASY,0,0,0,0,0,0,0,0,0,0,0,0,0,0,73
2006,SWE,Sweden,REF,0,0,0,0,0,0,0,0,0,0,0,0,0,0,165
2006,CHE,Switzerland,ASY,0,0,0,0,0,0,0,0,0,0,0,0,0,0,6
2006,CHE,Switzerland,REF,0,0,0,0,0,18,18,0,0,0,0,0,10,10,28
2006,TUR,Turkey,ASY,0,0,0,0,0,0,0,0,0,0,0,0,0,0,0
2006,URY,Uruguay,REF,0,0,0,6,0,0,6,0,0,0,6,0,0,6,12
2006,USA,United States of America,ASY,0,0,0,0,0,0,0,0,0,0,0,0,0,0,494
2006,USA,United States of America,REF,0,0,0,0,0,0,0,0,0,0,0,0,0,0,43607
2007,ARG,Argentina,ASY,0,0,0,5,0,0,5,0,0,0,10,0,0,10,15
2007,ARG,Argentina,REF,0,0,0,5,0,0,5,0,0,0,6,0,0,6,11
2007,AUS,Australia,ASY,0,0,0,0,0,0,0,0,0,0,0,0,0,0,0
2007,AUS,Australia,REF,0,0,0,0,0,0,0,0,0,0,0,0,0,0,55
2007,AUT,Austria,ASY,0,0,0,0,0,0,0,0,0,0,0,0,0,0,684
2007,AUT,Austria,REF,0,0,0,0,0,0,0,0,0,0,0,0,0,0,151
2007,BEL,Belgium,REF,0,0,0,0,0,57,57,0,0,0,0,0,52,52,109
2007,BOL,Bolivia (Plurinational State of),REF,0,0,0,0,0,0,0,0,0,0,0,0,0,0,0
2007,BRA,Brazil,ASY,0,0,0,0,0,0,0,0,0,0,5,0,0,5,5
2007,BIH,Bosnia and Herzegovina,ASY,0,0,0,0,0,0,0,0,0,0,0,0,0,0,0
2007,CAN,Canada,ASY,5,0,0,146,24,0,175,5,0,0,147,0,5,157,332
2007,CAN,Canada,REF,0,0,0,0,0,0,0,0,0,0,0,0,0,0,1911
2007,CRI,Costa Rica,REF,0,0,0,8,0,0,8,0,0,0,10,0,0,10,18
2007,CYP,Cyprus,ASY,0,0,0,0,0,0,0,0,0,0,0,0,0,0,407
2007,CYP,Cyprus,REF,0,0,0,0,0,11,11,0,0,0,0,0,7,7,18
2007,CZE,Czechia,ASY,0,0,0,0,0,0,0,0,0,0,0,0,0,0,347
2007,CZE,Czechia,REF,0,0,0,0,0,0,0,0,0,0,0,0,0,0,78
2007,DNK,Denmark,ASY,0,0,0,0,0,0,0,0,0,0,0,0,0,0,0
2007,DNK,Denmark,REF,0,0,0,0,0,0,0,0,0,0,0,0,0,0,56
2007,ECU,Ecuador,REF,0,0,0,0,0,0,0,0,0,0,0,0,0,0,0
2007,FIN,Finland,ASY,0,0,0,0,0,0,0,0,0,0,0,0,0,0,5
2007,FIN,Finland,REF,0,0,0,0,0,0,0,0,0,0,0,0,0,0,20
2007,FRA,France,REF,0,0,0,0,0,363,363,0,0,0,0,0,310,310,673
2007,GBR,United Kingdom of Great Britain and Northern Ireland,REF,0,0,0,0,0,0,0,0,0,0,0,0,0,0,504
2007,DEU,Germany,ASY,0,0,0,0,0,0,0,0,0,0,0,0,0,0,74
2007,DEU,Germany,REF,0,0,0,0,0,0,0,0,0,0,0,0,0,0,19573
2007,GRC,Greece,ASY,0,0,0,0,0,0,0,0,0,0,0,0,0,0,6
2007,GRC,Greece,REF,0,0,0,0,0,0,0,0,0,0,0,0,0,0,5
2007,HUN,Hungary,ASY,0,0,0,0,0,0,0,0,0,0,0,0,0,0,0
2007,HUN,Hungary,REF,0,0,0,0,0,0,0,0,0,0,0,0,0,0,49
2007,ISL,Iceland,REF,0,0,0,0,0,0,0,0,0,0,0,0,0,0,5
2007,IRL,Ireland,ASY,0,0,0,0,0,0,0,0,0,0,0,0,0,0,40
2007,IRL,Ireland,REF,0,0,0,0,0,0,0,0,0,0,0,0,0,0,197
2007,ISR,Israel,ASY,0,0,0,0,0,0,0,0,0,0,0,0,0,0,5
2007,ITA,Italy,REF,0,0,0,0,0,0,0,0,0,0,0,0,0,0,62
2007,LTU,Lithuania,ASY,0,0,0,0,0,0,0,0,0,0,0,0,0,0,0
2007,NLD,Netherlands,REF,0,0,0,0,0,0,0,0,0,0,0,0,0,0,205
2007,NOR,Norway,ASY,0,0,0,0,0,0,0,0,0,0,0,0,0,0,6
2007,NOR,Norway,REF,0,0,0,0,0,0,0,0,0,0,0,0,0,0,74
2007,NZL,New Zealand,REF,0,0,0,0,0,0,0,0,0,0,0,0,0,0,0
2007,PAN,Panama,REF,0,0,0,0,0,0,0,0,0,0,0,0,0,0,0
2007,PER,Peru,REF,0,0,0,0,0,0,0,0,0,0,0,0,0,0,0
2007,POL,Poland,ASY,0,0,0,0,0,0,0,0,0,0,0,0,0,0,12
2007,POL,Poland,REF,0,0,0,0,0,0,0,0,0,0,0,0,0,0,11
2007,ROU,Romania,ASY,0,0,0,0,0,0,0,0,0,0,0,0,0,0,0
2007,RUS,Russian Federation,ASY,0,0,0,0,0,0,0,0,0,0,0,0,0,0,26
2007,RUS,Russian Federation,REF,0,0,0,0,0,0,0,0,0,0,0,0,0,0,0
2007,ESP,Spain,REF,0,0,0,0,0,0,0,0,0,0,0,0,0,0,65
2007,SVK,Slovakia,ASY,0,0,0,0,0,0,0,0,0,0,0,0,0,0,0
2007,SVK,Slovakia,REF,0,0,0,0,0,0,0,0,0,0,0,0,0,0,13
2007,SWE,Sweden,ASY,0,0,0,0,0,0,0,0,0,0,0,0,0,0,75
2007,SWE,Sweden,REF,0,0,0,0,0,0,0,0,0,0,0,0,0,0,172
2007,CHE,Switzerland,ASY,0,0,0,5,0,0,5,0,0,0,0,0,0,0,5
2007,CHE,Switzerland,REF,0,0,6,0,0,9,15,0,0,6,0,0,0,6,21
2007,TUR,Turkey,ASY,0,0,0,0,0,0,0,0,0,0,0,0,0,0,0
2007,URY,Uruguay,REF,0,0,0,6,0,0,6,0,0,0,6,0,0,6,12
2007,USA,United States of America,ASY,0,0,0,0,0,0,0,0,0,0,0,0,0,0,373
2007,USA,United States of America,REF,0,0,0,0,0,0,0,0,0,0,0,0,0,0,1912
2008,ARG,Argentina,REF,0,0,0,0,0,0,0,0,0,0,0,0,0,0,24
2008,AUS,Australia,REF,0,0,0,0,0,0,0,0,0,0,0,0,0,0,55
2008,AUT,Austria,ASY,0,0,0,0,0,0,0,0,0,0,0,0,0,0,515
2008,AUT,Austria,REF,0,0,0,0,0,0,0,0,0,0,0,0,0,0,221
2008,BEL,Belgium,REF,0,0,0,0,0,52,52,0,0,0,0,0,48,48,100
2008,BLR,Belarus,ASY,0,0,0,0,0,0,0,0,6,0,0,0,0,6,6
2008,BOL,Bolivia (Plurinational State of),REF,0,0,0,0,0,0,0,0,0,0,0,0,0,0,0
2008,CAN,Canada,ASY,5,0,0,162,41,0,208,5,0,0,180,8,0,193,401
2008,CAN,Canada,REF,0,0,0,0,0,0,0,0,0,0,0,0,0,0,1904
2008,CRI,Costa Rica,REF,0,0,0,8,0,0,8,0,0,0,10,0,0,10,18
2008,CYP,Cyprus,ASY,0,0,0,0,0,0,0,0,0,0,0,0,0,0,274
2008,CYP,Cyprus,REF,0,0,0,0,0,0,0,0,0,0,0,0,0,0,21
2008,CZE,Czechia,ASY,0,0,0,0,0,0,0,0,0,0,0,0,0,0,216
2008,CZE,Czechia,REF,0,0,0,0,0,0,0,0,0,0,0,0,0,0,85
2008,DNK,Denmark,REF,0,0,0,0,0,0,0,0,0,0,0,0,0,0,49
2008,ECU,Ecuador,REF,0,0,0,0,0,0,0,0,0,0,0,0,0,0,0
2008,FIN,Finland,ASY,0,0,0,0,0,0,0,0,0,0,0,0,0,0,5
2008,FIN,Finland,REF,0,0,0,0,0,0,0,0,0,0,0,0,0,0,19
2008,FRA,France,REF,0,0,0,0,0,365,365,0,0,0,0,0,313,313,678
2008,GBR,United Kingdom of Great Britain and Northern Ireland,REF,0,0,0,0,0,0,0,0,0,0,0,0,0,0,509
2008,DEU,Germany,ASY,0,0,0,0,0,0,0,0,0,0,0,0,0,0,47
2008,DEU,Germany,REF,0,0,0,0,0,0,0,0,0,0,0,0,0,0,22156
2008,GRC,Greece,ASY,0,0,0,0,0,0,0,0,0,0,0,0,0,0,9
2008,GRC,Greece,REF,0,0,0,0,0,0,0,0,0,0,0,0,0,0,5
2008,HUN,Hungary,ASY,0,0,0,0,0,0,0,0,0,0,0,0,0,0,5
2008,HUN,Hungary,REF,0,0,0,0,0,0,0,0,0,0,0,0,0,0,49
2008,ISL,Iceland,ASY,0,0,0,0,0,0,0,0,0,0,0,0,0,0,0
2008,IRL,Ireland,ASY,0,0,0,0,0,0,0,0,0,0,0,0,0,0,41
2008,IRL,Ireland,REF,0,0,0,0,0,0,0,0,0,0,0,0,0,0,199
2008,ISR,Israel,ASY,0,0,0,0,0,0,0,0,0,0,0,0,0,0,0
2008,ITA,Italy,REF,0,0,0,0,0,0,0,0,0,0,0,0,0,0,63
2008,JOR,Jordan,ASY,0,0,0,0,0,0,0,0,0,0,0,0,0,0,0
2008,NLD,Netherlands,REF,0,0,0,0,0,0,0,0,0,0,0,0,0,0,170
2008,NOR,Norway,ASY,0,0,0,0,0,0,0,0,0,0,0,0,0,0,12
2008,NOR,Norway,REF,0,0,0,0,0,0,0,0,0,0,0,0,0,0,76
2008,NZL,New Zealand,REF,0,0,0,0,0,0,0,0,0,0,0,0,0,0,0
2008,PAN,Panama,REF,0,0,0,0,0,0,0,0,0,0,0,0,0,0,0
2008,PER,Peru,REF,0,0,0,0,0,0,0,0,0,0,0,0,0,0,0
2008,POL,Poland,ASY,0,0,0,0,0,0,0,0,0,0,0,0,0,0,8
2008,POL,Poland,REF,0,0,0,0,0,0,0,0,0,0,0,0,0,0,13
2008,RUS,Russian Federation,ASY,0,0,0,0,0,0,0,0,0,0,0,0,0,0,9
2008,RUS,Russian Federation,REF,0,0,0,0,0,0,0,0,0,0,0,0,0,0,6
2008,ESP,Spain,REF,0,0,0,0,0,0,0,0,0,0,0,0,0,0,56
2008,SVK,Slovakia,REF,0,0,0,0,0,0,0,0,0,0,0,0,0,0,16
2008,SWE,Sweden,ASY,0,0,0,0,0,0,0,0,0,0,0,0,0,0,38
2008,SWE,Sweden,REF,0,0,0,0,0,0,0,0,0,0,0,0,0,0,162
2008,CHE,Switzerland,ASY,0,0,0,6,0,0,6,0,0,5,8,0,0,13,19
2008,CHE,Switzerland,REF,8,0,0,0,0,8,16,0,0,6,0,0,0,6,22
2008,TUR,Turkey,REF,0,0,0,0,0,0,0,0,0,0,0,0,0,0,0
2008,URY,Uruguay,REF,0,0,0,6,0,0,6,0,0,0,6,0,0,6,12
2008,USA,United States of America,ASY,0,0,0,0,0,0,0,0,0,0,0,0,0,0,294
2008,USA,United States of America,REF,0,0,0,0,0,0,0,0,0,0,0,0,0,0,1729
2009,ARG,Argentina,ASY,0,0,0,0,0,0,0,0,0,0,0,0,0,0,0
2009,ARG,Argentina,REF,0,0,0,0,0,0,0,0,0,0,0,0,0,0,19
2009,AUS,Australia,ASY,0,0,0,0,0,0,0,0,0,0,0,0,0,0,5
2009,AUS,Australia,REF,0,0,0,0,0,0,0,0,0,0,0,0,0,0,52
2009,AUT,Austria,ASY,0,0,0,0,0,0,0,0,0,0,0,0,0,0,368
2009,AUT,Austria,REF,0,0,0,0,0,0,0,0,0,0,0,0,0,0,259
2009,BEL,Belgium,REF,0,0,0,0,0,47,47,0,0,0,0,0,42,42,89
2009,BLR,Belarus,ASY,0,0,0,0,0,0,0,0,6,0,0,0,0,6,6
2009,BOL,Bolivia (Plurinational State of),REF,0,0,0,0,0,0,0,0,0,0,0,0,0,0,0
2009,BRA,Brazil,REF,0,0,0,0,0,0,0,0,0,0,0,0,0,0,0
2009,BGR,Bulgaria,ASY,7,0,0,0,0,0,7,0,0,0,0,0,0,0,7
2009,CAN,Canada,ASY,0,0,5,152,39,0,196,0,0,5,165,7,5,182,378
2009,CAN,Canada,REF,0,0,0,0,0,0,0,0,0,0,0,0,0,0,1914
2009,CRI,Costa Rica,REF,0,0,0,8,0,0,8,0,0,0,10,0,0,10,18
2009,CYP,Cyprus,ASY,0,0,0,0,0,0,0,0,0,0,0,0,0,0,58
2009,CYP,Cyprus,REF,0,0,0,0,0,0,0,0,0,0,0,0,0,0,28
2009,CZE,Czechia,ASY,0,0,0,0,0,0,0,0,0,0,0,0,0,0,178
2009,CZE,Czechia,REF,0,0,0,0,0,0,0,0,0,0,0,0,0,0,87
2009,DNK,Denmark,ASY,0,0,0,0,0,0,0,0,0,0,0,0,0,0,0
2009,DNK,Denmark,REF,0,0,0,0,0,0,0,0,0,0,0,0,0,0,35
2009,ECU,Ecuador,REF,0,0,0,0,0,0,0,0,0,0,0,0,0,0,0
2009,FIN,Finland,ASY,0,0,0,0,0,0,0,0,0,0,0,0,0,0,0
2009,FIN,Finland,REF,0,0,0,0,0,0,0,0,0,0,0,0,0,0,18
2009,FRA,France,REF,0,0,0,0,0,0,0,0,0,0,0,0,0,0,702
2009,GBR,United Kingdom of Great Britain and Northern Ireland,REF,0,0,0,0,0,0,0,0,0,0,0,0,0,0,485
2009,GEO,Georgia,ASY,0,0,0,0,0,0,0,0,0,0,0,0,0,0,0
2009,DEU,Germany,ASY,6,0,0,12,5,5,28,8,0,0,25,0,7,40,73
2009,DEU,Germany,REF,66,0,0,5719,2235,1274,9294,63,0,0,5805,1867,1383,9118,18412
2009,GRC,Greece,REF,0,0,0,0,0,0,0,0,0,0,0,0,0,0,5
2009,HRV,Croatia,ASY,0,0,0,0,0,0,0,0,0,0,5,0,0,5,5
2009,HRV,Croatia,REF,0,0,0,0,0,0,0,0,0,0,0,0,0,0,0
2009,HUN,Hungary,ASY,0,0,0,0,0,0,0,0,0,0,0,0,0,0,7
2009,HUN,Hungary,REF,0,0,0,0,0,0,0,0,0,0,0,0,0,0,47
2009,ISL,Iceland,ASY,0,0,0,0,0,0,0,0,0,0,0,0,0,0,0
2009,IRL,Ireland,ASY,0,0,0,0,0,0,0,0,0,0,0,0,0,0,7
2009,IRL,Ireland,REF,0,0,0,0,0,0,0,0,0,0,0,0,0,0,193
2009,ITA,Italy,REF,0,0,0,0,0,0,0,0,0,0,0,0,0,0,76
2009,LTU,Lithuania,ASY,0,0,0,0,0,0,0,0,0,0,0,0,0,0,0
2009,NLD,Netherlands,ASY,0,0,0,0,0,0,0,0,0,0,0,0,0,0,25
2009,NLD,Netherlands,REF,0,0,0,0,0,0,0,0,0,0,0,0,0,0,149
2009,NOR,Norway,ASY,0,0,0,0,0,0,0,0,0,0,0,0,0,0,9
2009,NOR,Norway,REF,0,0,0,0,0,0,0,0,0,0,0,0,0,0,72
2009,NZL,New Zealand,REF,0,0,0,0,0,0,0,0,0,0,0,0,0,0,0
2009,PAN,Panama,REF,0,0,0,0,0,0,0,0,0,0,0,0,0,0,0
2009,PER,Peru,REF,0,0,0,0,0,0,0,0,0,0,0,0,0,0,0
2009,POL,Poland,ASY,0,0,0,0,0,0,0,0,0,0,0,0,0,0,7
2009,POL,Poland,REF,0,0,0,0,0,0,0,0,0,0,0,0,0,0,17
2009,ROU,Romania,ASY,0,0,0,0,0,0,0,0,0,0,0,0,0,0,5
2009,RUS,Russian Federation,ASY,0,0,0,0,0,0,0,0,0,0,0,0,0,0,6
2009,RUS,Russian Federation,REF,0,0,0,0,0,0,0,0,0,0,0,0,0,0,7
2009,ESP,Spain,REF,0,0,0,0,0,0,0,0,0,0,0,0,0,0,42
2009,SVK,Slovakia,REF,0,0,0,0,0,0,0,0,0,0,0,0,0,0,16
2009,SWE,Sweden,ASY,0,0,0,0,0,0,0,0,0,0,0,0,0,0,114
2009,SWE,Sweden,REF,0,0,0,0,0,0,0,0,0,0,0,0,0,0,163
2009,CHE,Switzerland,ASY,0,0,0,13,0,0,13,0,0,0,7,5,0,12,25
2009,CHE,Switzerland,REF,5,0,0,5,0,5,15,0,0,0,5,0,6,11,26
2009,SYR,Syrian Arab Republic,ASY,0,0,0,0,0,0,0,0,0,0,0,0,0,0,0
2009,TUR,Turkey,REF,0,0,0,0,0,0,0,0,0,0,0,0,0,0,0
2009,URY,Uruguay,REF,0,0,0,6,0,0,6,0,0,0,6,0,0,6,12
2009,USA,United States of America,ASY,0,0,0,0,0,0,0,0,0,0,0,0,0,0,258
2009,USA,United States of America,REF,0,0,0,0,0,0,0,0,0,0,0,0,0,0,1570
2010,ARG,Argentina,ASY,0,0,0,0,0,0,0,0,0,0,0,0,0,0,0
2010,ARG,Argentina,REF,0,0,0,0,0,0,0,0,0,0,0,0,0,0,19
2010,AUS,Australia,ASY,0,0,0,0,0,0,0,0,0,0,0,0,0,0,11
2010,AUS,Australia,REF,0,0,0,0,0,0,0,0,0,0,0,0,0,0,42
2010,AUT,Austria,ASY,0,0,0,0,0,0,0,0,0,0,0,0,0,0,238
2010,AUT,Austria,REF,0,0,0,0,0,0,0,0,0,0,0,0,0,0,282
2010,BEL,Belgium,REF,0,0,0,0,0,45,45,0,0,0,0,0,41,41,86
2010,BLR,Belarus,ASY,0,0,0,0,0,0,0,0,0,0,0,0,0,0,0
2010,BOL,Bolivia (Plurinational State of),REF,0,0,0,0,0,0,0,0,0,0,0,0,0,0,0
2010,BRA,Brazil,REF,0,0,0,0,0,0,0,0,0,0,0,0,0,0,0
2010,BGR,Bulgaria,ASY,0,0,0,0,0,0,0,0,0,0,0,0,0,0,8
2010,CAN,Canada,ASY,0,0,0,133,29,0,162,5,0,0,164,5,5,179,341
2010,CAN,Canada,REF,0,0,0,0,0,0,0,0,0,0,0,0,0,0,1871
2010,CHL,Chile,ASY,0,0,0,0,0,0,0,0,0,0,0,0,0,0,0
2010,CRI,Costa Rica,REF,0,0,0,8,0,0,8,0,0,0,10,0,0,10,18
2010,CYP,Cyprus,ASY,0,0,0,0,0,0,0,0,0,0,0,0,0,0,70
2010,CYP,Cyprus,REF,0,0,0,0,0,0,0,0,0,0,0,0,0,0,28
2010,CZE,Czechia,ASY,0,0,0,0,0,51,51,0,0,0,0,0,80,80,131
2010,CZE,Czechia,REF,0,0,0,0,0,0,0,0,0,0,0,0,0,0,94
2010,DNK,Denmark,ASY,0,0,0,0,0,0,0,0,0,0,0,0,0,0,6
2010,DNK,Denmark,REF,0,0,0,0,0,0,0,0,0,0,0,0,0,0,19
2010,ECU,Ecuador,REF,0,0,0,0,0,0,0,0,0,0,0,0,0,0,0
2010,FIN,Finland,ASY,0,0,0,0,0,0,0,0,0,0,0,0,0,0,5
2010,FIN,Finland,REF,0,0,0,0,0,0,0,0,0,0,0,0,0,0,15
2010,FRA,France,REF,0,0,0,0,0,385,385,0,0,0,0,0,327,327,712
2010,GBR,United Kingdom of Great Britain and Northern Ireland,REF,0,0,0,0,0,0,0,0,0,0,0,0,0,0,284
2010,DEU,Germany,ASY,5,0,0,21,5,7,38,8,0,0,41,0,7,56,94
2010,DEU,Germany,REF,59,0,0,6048,2525,1191,9823,52,0,0,6166,2062,1295,9575,19398
2010,GRC,Greece,ASY,0,0,0,0,0,0,0,0,0,0,0,0,0,0,78
2010,GRC,Greece,REF,0,0,0,0,0,0,0,0,0,0,0,0,0,0,5
2010,HRV,Croatia,ASY,0,0,0,0,0,0,0,0,0,0,0,0,0,0,0
2010,HRV,Croatia,REF,0,0,0,0,0,0,0,0,0,0,0,0,0,0,0
2010,HUN,Hungary,ASY,0,0,0,0,0,0,0,0,0,0,0,0,0,0,7
2010,HUN,Hungary,REF,0,0,0,0,0,0,0,0,0,0,0,0,0,0,44
2010,ISL,Iceland,REF,0,0,0,0,0,0,0,0,0,0,0,0,0,0,0
2010,IDN,Indonesia,REF,0,0,0,0,0,0,0,0,0,0,0,0,0,0,0
2010,IRL,Ireland,ASY,0,0,0,0,0,0,0,0,0,0,0,0,0,0,32
2010,IRL,Ireland,REF,0,0,0,0,0,0,0,0,0,0,0,0,0,0,187
2010,ITA,Italy,ASY,0,0,0,0,0,0,0,0,0,0,0,0,6,6,6
2010,ITA,Italy,REF,0,0,0,0,0,0,0,0,0,0,0,0,0,0,71
2010,LTU,Lithuania,ASY,0,0,0,0,0,0,0,0,0,0,0,0,0,0,0
2010,LUX,Luxembourg,ASY,0,0,0,0,0,0,0,0,0,0,0,0,0,0,0
2010,MDA,Republic of Moldova,ASY,0,0,0,5,0,0,5,0,0,0,6,0,0,6,11
2010,NLD,Netherlands,ASY,0,0,0,0,0,5,5,0,0,0,0,0,10,10,15
2010,NLD,Netherlands,REF,0,0,0,0,0,0,0,0,0,0,0,0,0,0,124
2010,NOR,Norway,ASY,0,0,0,0,0,0,0,0,0,0,0,0,0,0,5
2010,NOR,Norway,REF,0,0,0,0,0,0,0,0,0,0,0,0,0,0,70
2010,NZL,New Zealand,REF,0,0,0,0,0,0,0,0,0,0,0,0,0,0,0
2010,PAN,Panama,REF,0,0,0,0,0,0,0,0,0,0,0,0,0,0,0
2010,PER,Peru,REF,0,0,0,0,0,0,0,0,0,0,0,0,0,0,0
2010,POL,Poland,ASY,0,0,0,0,0,0,0,0,0,0,0,0,0,0,16
2010,POL,Poland,REF,0,0,0,0,0,0,0,0,0,0,0,0,0,0,20
2010,ROU,Romania,ASY,0,0,0,0,0,0,0,0,0,0,0,0,0,0,5
2010,RUS,Russian Federation,ASY,0,0,0,0,0,0,0,0,0,0,0,0,0,0,6
2010,RUS,Russian Federation,REF,0,0,0,0,0,0,0,0,0,0,0,0,0,0,15
2010,ESP,Spain,ASY,0,0,0,0,0,0,0,0,0,0,0,0,0,0,0
2010,ESP,Spain,REF,0,0,0,0,0,0,0,0,0,0,0,0,0,0,25
2010,SVK,Slovakia,REF,0,0,0,0,0,0,0,0,0,0,0,0,0,0,17
2010,SWE,Sweden,ASY,0,0,0,0,0,0,0,0,0,0,0,0,0,0,111
2010,SWE,Sweden,REF,0,0,0,0,0,0,0,0,0,0,0,0,0,0,140
2010,CHE,Switzerland,ASY,0,0,0,7,0,0,7,0,0,0,5,0,0,5,12
2010,CHE,Switzerland,REF,5,0,0,8,0,5,18,0,0,0,5,0,6,11,29
2010,URY,Uruguay,REF,0,0,0,6,0,0,6,0,0,0,6,0,0,6,12
2010,USA,United States of America,ASY,0,0,0,0,0,0,0,0,0,0,0,0,0,0,49
2010,USA,United States of America,REF,0,0,0,0,0,0,0,0,0,0,0,0,0,0,1475
2011,ARG,Argentina,ASY,0,0,0,0,0,0,0,0,0,7,0,0,0,7,7
2011,ARG,Argentina,REF,0,0,0,7,0,0,7,0,0,0,11,0,0,11,18
2011,AUS,Australia,ASY,0,0,0,0,0,0,0,0,0,0,0,0,0,0,7
2011,AUS,Australia,REF,0,0,0,0,0,0,0,0,0,0,0,0,0,0,40
2011,AUT,Austria,ASY,0,0,0,0,0,0,0,0,0,0,0,0,0,0,141
2011,AUT,Austria,REF,0,0,0,0,0,0,0,0,0,0,0,0,0,0,308
2011,BEL,Belgium,ASY,0,0,0,0,0,0,0,0,0,0,0,0,0,0,54
2011,BEL,Belgium,REF,0,0,0,0,0,44,44,0,0,0,0,0,40,40,84
2011,BOL,Bolivia (Plurinational State of),REF,0,0,0,0,0,0,0,0,0,0,0,0,0,0,0
2011,BRA,Brazil,REF,0,0,0,0,0,0,0,0,0,0,0,0,0,0,0
2011,BGR,Bulgaria,ASY,0,0,0,0,0,0,0,0,0,0,0,0,0,0,0
2011,CAN,Canada,ASY,0,0,5,116,21,0,142,0,0,0,129,5,7,141,283
2011,CAN,Canada,REF,0,0,5,89,22,0,116,0,0,5,72,5,0,82,1788
2011,CHL,Chile,ASY,0,0,0,0,0,0,0,0,0,0,0,0,0,0,0
2011,CRI,Costa Rica,REF,0,0,0,8,0,0,8,0,0,0,10,0,0,10,18
2011,CYP,Cyprus,ASY,0,0,0,0,0,0,0,0,0,0,0,0,0,0,60
2011,CYP,Cyprus,REF,0,0,0,0,0,0,0,0,0,0,0,0,0,0,28
2011,CZE,Czechia,REF,0,0,0,0,0,0,0,0,0,0,0,0,0,0,94
2011,DNK,Denmark,REF,0,0,0,0,0,0,0,0,0,0,0,0,0,0,10
2011,ECU,Ecuador,REF,0,0,0,0,0,0,0,0,0,0,0,0,0,0,0
2011,EST,Estonia,ASY,0,0,0,0,0,0,0,0,0,0,0,0,0,0,0
2011,FIN,Finland,ASY,0,0,0,0,0,0,0,0,0,0,0,0,0,0,0
2011,FIN,Finland,REF,0,0,0,0,0,0,0,0,0,0,0,0,0,0,11
2011,FRA,France,REF,0,0,0,0,0,387,387,0,0,0,0,0,329,329,716
2011,GBR,United Kingdom of Great Britain and Northern Ireland,ASY,0,0,0,0,0,0,0,0,0,0,0,0,0,0,39
2011,GBR,United Kingdom of Great Britain and Northern Ireland,REF,0,0,0,0,0,0,0,0,0,0,0,0,0,0,252
2011,DEU,Germany,ASY,5,0,0,21,0,7,33,6,0,0,24,0,7,37,70
2011,DEU,Germany,REF,41,0,0,6233,2746,1088,10108,50,0,0,6366,2255,1143,9814,19922
2011,GRC,Greece,REF,0,0,0,0,0,0,0,0,0,0,0,0,0,0,5
2011,HRV,Croatia,ASY,0,0,0,0,0,0,0,0,0,0,0,0,0,0,6
2011,HRV,Croatia,REF,0,0,0,0,0,0,0,0,0,0,0,0,0,0,0
2011,HUN,Hungary,REF,0,0,0,0,0,0,0,0,0,0,0,0,0,0,44
2011,ISL,Iceland,REF,0,0,0,0,0,0,0,0,0,0,0,0,0,0,0
2011,IDN,Indonesia,REF,0,0,0,0,0,0,0,0,0,0,0,0,0,0,0
2011,IRL,Ireland,ASY,0,0,0,0,0,0,0,0,0,0,0,0,0,0,41
2011,IRL,Ireland,REF,0,0,0,0,0,0,0,0,0,0,0,0,0,0,175
2011,ITA,Italy,REF,0,0,0,0,0,0,0,0,0,0,0,0,0,0,60
2011,LIE,Liechtenstein,ASY,0,0,0,0,0,0,0,0,0,0,0,0,0,0,0
2011,LVA,Latvia,ASY,0,0,0,0,0,0,0,0,0,0,0,0,0,0,0
2011,NLD,Netherlands,ASY,0,0,0,0,0,0,0,0,0,0,0,0,0,0,28
2011,NLD,Netherlands,REF,0,0,0,0,0,0,0,0,0,0,0,0,0,0,103
2011,NOR,Norway,ASY,0,0,0,0,0,0,0,0,0,0,0,0,0,0,5
2011,NOR,Norway,REF,0,0,0,0,0,0,0,0,0,0,0,0,0,0,12
2011,NZL,New Zealand,REF,0,0,0,0,0,0,0,0,0,0,0,0,0,0,0
2011,PAN,Panama,REF,0,0,0,0,0,0,0,0,0,0,0,0,0,0,0
2011,POL,Poland,ASY,0,0,0,0,0,0,0,0,0,0,0,0,0,0,52
2011,POL,Poland,REF,0,0,0,0,0,0,0,0,0,0,0,0,0,0,25
2011,PRT,Portugal,ASY,0,0,0,0,0,0,0,0,0,0,0,0,0,0,5
2011,ROU,Romania,ASY,0,0,0,0,0,0,0,0,0,0,0,0,0,0,6
2011,ZAF,South Africa,ASY,0,0,0,0,0,0,0,0,0,0,0,0,0,0,0
2011,RUS,Russian Federation,ASY,0,0,0,0,0,0,0,0,0,0,0,0,0,0,10
2011,RUS,Russian Federation,REF,0,0,0,0,0,0,0,0,0,0,0,0,0,0,5
2011,ESP,Spain,REF,0,0,0,0,0,0,0,0,0,0,0,0,0,0,18
2011,SRB,Serbia,ASY,0,0,0,0,0,0,0,0,0,0,0,0,0,0,0
2011,SVK,Slovakia,REF,0,0,0,0,0,0,0,0,0,0,0,0,0,0,17
2011,SVN,Slovenia,ASY,0,0,0,0,0,0,0,0,0,0,0,0,0,0,0
2011,SWE,Sweden,ASY,0,0,0,0,0,0,0,0,0,0,0,0,0,0,140
2011,SWE,Sweden,REF,0,0,0,0,0,0,0,0,0,0,0,0,0,0,118
2011,CHE,Switzerland,ASY,0,0,0,5,0,0,5,0,0,0,8,0,0,8,13
2011,CHE,Switzerland,REF,5,0,0,7,0,5,17,0,0,0,0,0,9,9,26
2011,URY,Uruguay,REF,0,0,0,6,0,0,6,0,0,0,6,0,0,6,12
2011,USA,United States of America,ASY,0,0,0,0,0,0,0,0,0,0,0,0,0,0,74
2011,USA,United States of America,REF,0,0,0,0,0,0,0,0,0,0,0,0,0,0,1463
2012,ARG,Argentina,ASY,0,0,0,5,0,0,5,0,0,0,8,0,0,8,13
2012,ARG,Argentina,REF,0,0,0,7,0,0,7,0,0,0,11,0,0,11,18
2012,AUS,Australia,ASY,0,0,0,0,0,0,0,0,0,0,0,0,0,0,16
2012,AUS,Australia,REF,0,0,0,0,0,0,0,0,0,0,0,0,0,0,26
2012,AUT,Austria,ASY,0,0,0,0,0,0,0,0,0,0,0,0,0,0,131
2012,AUT,Austria,REF,0,0,0,0,0,0,0,0,0,0,0,0,0,0,309
2012,BEL,Belgium,ASY,0,0,0,0,0,0,0,0,0,0,0,0,0,0,32
2012,BEL,Belgium,REF,0,0,0,0,0,45,45,0,0,0,0,0,40,40,85
2012,BLR,Belarus,ASY,0,0,0,0,0,0,0,0,0,0,5,0,0,5,5
2012,BOL,Bolivia (Plurinational State of),REF,0,0,0,0,0,0,0,0,0,0,0,0,0,0,0
2012,BRA,Brazil,REF,0,0,0,0,0,0,0,0,0,0,0,0,0,0,0
2012,CAN,Canada,ASY,5,5,0,115,17,0,142,0,8,0,155,5,0,168,310
2012,CAN,Canada,REF,0,0,0,36,8,0,44,0,5,0,23,0,0,28,1737
2012,CHL,Chile,ASY,0,0,0,0,0,0,0,0,0,0,0,0,0,0,0
2012,CRI,Costa Rica,REF,0,0,0,8,0,0,8,0,0,0,10,0,0,10,18
2012,CYP,Cyprus,ASY,0,0,0,0,0,0,0,0,0,0,0,0,0,0,10
2012,CYP,Cyprus,REF,0,0,0,0,0,0,0,0,0,0,0,0,0,0,28
2012,CZE,Czechia,ASY,0,0,0,0,0,0,0,0,0,0,0,0,0,0,43
2012,CZE,Czechia,REF,0,0,0,0,0,43,43,0,0,0,0,0,62,62,105
2012,DNK,Denmark,ASY,0,0,0,0,0,0,0,0,0,0,0,0,0,0,5
2012,DNK,Denmark,REF,0,0,0,0,0,0,0,0,0,0,0,0,0,0,9
2012,ECU,Ecuador,REF,0,0,0,0,0,0,0,0,0,0,0,0,0,0,0
2012,FIN,Finland,ASY,0,0,0,0,0,0,0,0,0,0,0,0,0,0,15
2012,FIN,Finland,REF,0,0,0,0,0,0,0,0,0,0,0,0,0,0,8
2012,FRA,France,REF,0,0,0,0,0,388,388,0,0,0,0,0,331,331,719
2012,GBR,United Kingdom of Great Britain and Northern Ireland,ASY,0,0,0,0,0,0,0,0,0,0,0,0,0,0,52
2012,GBR,United Kingdom of Great Britain and Northern Ireland,REF,0,0,0,0,0,0,0,0,0,0,0,0,0,0,192
2012,GEO,Georgia,ASY,0,0,0,0,0,0,0,0,0,0,0,0,0,0,0
2012,DEU,Germany,ASY,9,8,6,56,5,0,84,7,9,5,47,5,0,73,157
2012,DEU,Germany,REF,37,273,682,6299,2903,0,10194,39,286,702,6435,2403,0,9865,20059
2012,GRC,Greece,REF,0,0,0,0,0,0,0,0,0,0,0,0,0,0,5
2012,HRV,Croatia,REF,0,0,0,0,0,0,0,0,0,0,0,0,0,0,5
2012,HUN,Hungary,REF,0,0,0,0,0,0,0,0,0,0,0,0,0,0,41
2012,ISL,Iceland,REF,0,0,0,0,0,0,0,0,0,0,0,0,0,0,0
2012,IDN,Indonesia,REF,0,0,0,0,0,0,0,0,0,0,0,0,0,0,0
2012,IRL,Ireland,ASY,0,0,0,0,0,0,0,0,0,0,0,0,0,0,39
2012,IRL,Ireland,REF,0,0,0,0,0,0,0,0,0,0,0,0,0,0,134
2012,ITA,Italy,ASY,0,0,0,0,0,0,0,0,0,0,0,0,0,0,13
2012,ITA,Italy,REF,0,0,0,0,0,0,0,0,0,0,0,0,0,0,60
2012,LBN,Lebanon,REF,0,0,0,0,0,0,0,0,0,0,0,0,0,0,0
2012,LIE,Liechtenstein,ASY,0,0,0,0,0,0,0,0,0,0,0,0,0,0,5
2012,LTU,Lithuania,REF,0,0,0,0,0,0,0,0,0,0,0,0,0,0,5
2012,LVA,Latvia,REF,0,0,0,0,0,0,0,0,0,0,0,0,0,0,0
2012,MKD,Republic of North Macedonia,ASY,0,0,0,0,0,0,0,0,0,0,0,0,0,0,0
2012,NLD,Netherlands,ASY,0,0,0,0,0,0,0,0,0,0,0,0,0,0,28
2012,NLD,Netherlands,REF,0,0,0,0,0,0,0,0,0,0,0,0,0,0,74
2012,NOR,Norway,ASY,0,0,0,0,0,13,13,0,0,0,0,0,12,12,25
2012,NOR,Norway,REF,0,0,0,0,0,0,0,0,0,0,0,0,0,0,5
2012,NZL,New Zealand,REF,0,0,0,0,0,0,0,0,0,0,0,0,0,0,0
2012,PAN,Panama,REF,0,0,0,0,0,0,0,0,0,0,0,0,0,0,0
2012,PER,Peru,ASY,0,0,0,0,0,0,0,0,0,0,0,0,0,0,0
2012,POL,Poland,ASY,0,0,0,0,0,0,0,0,0,0,0,0,0,0,38
2012,POL,Poland,REF,0,0,0,0,0,0,0,0,0,0,0,0,0,0,25
2012,PRT,Portugal,ASY,0,0,0,0,0,0,0,0,0,0,0,0,0,0,5
2012,ZAF,South Africa,ASY,0,0,0,0,0,0,0,0,0,0,0,0,0,0,0
2012,RUS,Russian Federation,ASY,0,0,0,0,0,0,0,0,0,0,0,0,0,0,7
2012,RUS,Russian Federation,REF,0,0,0,0,0,0,0,0,0,0,0,0,0,0,5
2012,ESP,Spain,ASY,0,0,0,0,0,0,0,0,0,0,0,0,0,0,15
2012,ESP,Spain,REF,0,0,0,0,0,0,0,0,0,0,0,0,0,0,10
2012,SRB,Serbia,ASY,0,0,0,0,0,0,0,0,0,0,0,0,0,0,0
2012,SVK,Slovakia,REF,0,0,0,0,0,0,0,0,0,0,0,0,0,0,17
2012,SVN,Slovenia,ASY,0,0,0,0,0,0,0,0,0,0,0,0,0,0,0
2012,SWE,Sweden,ASY,0,0,0,0,0,0,0,0,0,0,0,0,0,0,87
2012,SWE,Sweden,REF,0,0,0,0,0,0,0,0,0,0,0,0,0,0,111
2012,CHE,Switzerland,ASY,0,0,0,9,0,0,9,0,9,0,6,0,0,15,24
2012,CHE,Switzerland,REF,0,0,5,6,0,0,11,0,5,0,0,0,0,5,16
2012,URY,Uruguay,REF,0,0,0,6,0,0,6,0,0,0,5,0,0,5,11
2012,USA,United States of America,ASY,0,0,0,0,0,0,0,0,0,0,0,0,0,0,132
2012,USA,United States of America,REF,0,0,0,0,0,0,0,0,0,0,0,0,0,0,1411
2013,ARG,Argentina,ASY,0,0,0,0,0,0,0,0,0,0,7,0,0,7,7
2013,ARG,Argentina,REF,0,0,0,8,0,0,8,0,5,0,11,0,0,16,24
2013,AUS,Australia,ASY,0,0,0,0,0,0,0,0,0,0,0,0,0,0,12
2013,AUS,Australia,REF,0,0,0,0,0,0,0,0,0,0,0,0,0,0,20
2013,AUT,Austria,ASY,0,0,0,0,0,0,0,0,0,0,0,0,0,0,125
2013,AUT,Austria,REF,0,0,0,0,0,0,0,0,0,0,0,0,0,0,311
2013,BEL,Belgium,ASY,0,0,0,0,0,0,0,0,0,0,0,0,0,0,22
2013,BEL,Belgium,REF,0,0,0,0,0,18,18,0,0,0,0,0,15,15,33
2013,BOL,Bolivia (Plurinational State of),REF,0,0,0,0,0,0,0,0,0,0,0,0,0,0,0
2013,BRA,Brazil,REF,0,0,0,0,0,0,0,0,0,0,0,0,0,0,0
2013,CAN,Canada,ASY,5,7,0,85,10,0,107,0,7,0,129,0,0,136,243
2013,CAN,Canada,REF,0,5,5,41,0,0,51,0,6,5,30,0,0,41,1605
2013,CHL,Chile,ASY,0,0,0,0,0,0,0,0,0,0,0,0,0,0,0
2013,CRI,Costa Rica,REF,0,0,0,8,0,0,8,0,0,0,10,0,0,10,18
2013,CYP,Cyprus,ASY,0,0,0,0,0,0,0,0,0,0,0,0,0,0,5
2013,CYP,Cyprus,REF,0,0,0,0,0,0,0,0,0,0,0,0,0,0,28
2013,CZE,Czechia,ASY,0,0,0,0,0,0,0,0,0,0,0,0,0,0,26
2013,CZE,Czechia,REF,0,0,0,0,0,0,0,0,0,0,0,0,0,0,110
2013,DNK,Denmark,ASY,0,0,0,0,0,0,0,0,0,0,0,0,0,0,16
2013,DNK,Denmark,REF,0,0,0,0,0,0,0,0,0,0,0,0,0,0,16
2013,FIN,Finland,ASY,0,0,0,0,0,0,0,0,0,0,0,0,0,0,6
2013,FIN,Finland,REF,0,0,0,0,0,0,0,0,0,0,0,0,0,0,5
2013,FRA,France,ASY,0,0,0,0,0,0,0,0,0,0,0,0,0,0,57
2013,FRA,France,REF,0,0,0,0,0,397,397,0,0,0,0,0,335,335,732
2013,GBR,United Kingdom of Great Britain and Northern Ireland,ASY,0,0,0,0,0,0,0,0,0,0,0,0,0,0,68
2013,GBR,United Kingdom of Great Britain and Northern Ireland,REF,0,0,0,0,0,0,0,0,0,0,0,0,0,0,124
2013,GEO,Georgia,ASY,0,0,0,0,0,0,0,0,0,0,0,0,0,0,0
2013,DEU,Germany,ASY,18,12,7,82,6,0,125,18,17,9,85,5,0,134,259
2013,DEU,Germany,REF,7,20,18,77,12,0,134,9,23,18,68,9,0,127,261
2013,GRC,Greece,ASY,0,0,0,0,0,0,0,0,0,0,0,0,0,0,110
2013,GRC,Greece,REF,0,0,0,0,0,0,0,0,0,0,0,0,0,0,6
2013,HRV,Croatia,ASY,0,0,0,0,0,0,0,0,0,0,0,0,0,0,0
2013,HRV,Croatia,REF,0,0,0,5,0,0,5,0,0,0,0,0,0,0,5
2013,HUN,Hungary,ASY,0,0,0,0,0,0,0,0,0,0,0,0,0,0,5
2013,HUN,Hungary,REF,0,0,0,0,0,0,0,0,0,0,0,0,0,0,9
2013,ISL,Iceland,REF,0,0,0,0,0,0,0,0,0,0,0,0,0,0,0
2013,IDN,Indonesia,REF,0,0,0,0,0,0,0,0,0,0,0,0,0,0,0
2013,IRL,Ireland,ASY,0,0,0,0,0,0,0,0,0,0,0,0,0,0,41
2013,IRL,Ireland,REF,0,0,5,43,5,0,53,0,0,6,45,0,0,51,104
2013,IRQ,Iraq,ASY,0,0,0,0,0,0,0,0,0,0,0,0,0,0,0
2013,ITA,Italy,ASY,0,0,0,0,0,0,0,0,0,0,0,0,0,0,5
2013,ITA,Italy,REF,0,0,0,0,0,0,0,0,0,0,0,0,0,0,77
2013,LBY,Libya,ASY,0,0,0,0,0,0,0,0,0,0,0,0,0,0,0
2013,LBN,Lebanon,OOC,0,0,0,0,0,0,0,0,0,6,0,0,0,6,6
2013,LIE,Liechtenstein,ASY,0,0,0,0,0,0,0,0,0,0,0,0,0,0,0
2013,LTU,Lithuania,REF,0,0,0,0,0,0,0,0,0,0,0,0,0,0,6
2013,LUX,Luxembourg,ASY,0,0,0,0,0,0,0,0,0,0,0,0,0,0,5
2013,LUX,Luxembourg,REF,0,0,0,0,0,0,0,0,0,0,0,0,0,0,5
2013,LVA,Latvia,REF,0,0,0,0,0,0,0,0,0,0,0,0,0,0,0
2013,MKD,Republic of North Macedonia,ASY,0,0,0,0,0,0,0,0,0,0,0,0,0,0,0
2013,MEX,Mexico,ASY,0,0,0,0,0,0,0,0,0,0,0,0,0,0,0
2013,NLD,Netherlands,REF,0,0,0,0,0,0,0,0,0,0,0,0,0,0,63
2013,NOR,Norway,ASY,0,0,0,0,0,0,0,0,0,0,0,0,0,0,10
2013,NOR,Norway,REF,0,0,0,0,0,0,0,0,0,0,0,0,0,0,9
2013,PAN,Panama,REF,0,0,0,0,0,0,0,0,0,0,0,0,0,0,0
2013,PER,Peru,REF,0,0,0,0,0,0,0,0,0,0,0,0,0,0,0
2013,POL,Poland,ASY,0,0,0,0,0,0,0,0,0,0,0,0,0,0,25
2013,POL,Poland,REF,0,0,0,0,0,0,0,0,0,0,0,0,0,0,39
2013,PRT,Portugal,ASY,0,0,0,0,0,0,0,0,0,0,0,0,0,0,5
2013,ROU,Romania,ASY,0,0,0,0,0,0,0,0,0,0,0,0,0,0,0
2013,ZAF,South Africa,ASY,0,0,0,0,0,0,0,0,0,0,0,0,0,0,5
2013,RUS,Russian Federation,ASY,0,0,0,0,0,0,0,0,0,0,0,0,0,0,7
2013,RUS,Russian Federation,REF,0,0,0,0,0,0,0,0,0,0,0,0,0,0,5
2013,ESP,Spain,ASY,0,0,0,0,0,0,0,0,0,0,0,0,0,0,9
2013,ESP,Spain,REF,0,0,0,0,0,0,0,0,0,0,0,0,0,0,6
2013,SRB,Serbia,ASY,0,0,0,0,0,0,0,0,0,0,0,0,0,0,0
2013,SVK,Slovakia,REF,0,0,0,0,0,0,0,0,0,0,0,0,0,0,17
2013,SVN,Slovenia,REF,0,0,0,0,0,0,0,0,0,0,0,0,0,0,0
2013,SWE,Sweden,ASY,0,0,0,0,0,0,0,0,0,0,0,0,0,0,92
2013,SWE,Sweden,REF,0,0,0,0,0,0,0,0,0,0,0,0,0,0,107
2013,CHE,Switzerland,ASY,0,0,0,5,0,0,5,9,0,0,0,0,0,9,23
2013,CHE,Switzerland,REF,0,0,0,6,0,5,11,0,0,0,8,0,0,8,19
2013,URY,Uruguay,REF,0,0,0,6,0,0,6,0,0,0,5,0,0,5,11
2013,USA,United States of America,ASY,0,0,0,0,0,0,0,0,0,0,0,0,0,0,447
2013,USA,United States of America,REF,0,0,0,0,0,0,0,0,0,0,0,0,0,0,1379
2014,ARG,Argentina,ASY,0,7,0,24,9,0,40,0,7,0,37,5,0,49,89
2014,ARG,Argentina,REF,0,0,0,8,0,0,8,0,5,0,11,0,0,16,24
2014,ARM,Armenia,ASY,0,5,0,9,0,0,14,0,6,0,7,0,0,13,27
2014,ARM,Armenia,REF,5,5,0,17,0,0,27,0,6,0,10,0,0,16,43
2014,AUS,Australia,ASY,0,0,0,0,0,0,0,0,0,0,0,0,0,0,59
2014,AUS,Australia,REF,0,0,0,0,0,0,0,0,0,0,0,0,0,0,22
2014,AUT,Austria,REF,0,0,0,0,0,0,0,0,0,0,0,0,0,0,300
2014,AZE,Azerbaijan,ASY,0,0,0,0,0,0,0,0,0,0,0,0,0,0,12
2014,BEL,Belgium,ASY,0,0,0,0,0,0,0,0,0,0,0,0,0,0,269
2014,BEL,Belgium,REF,0,0,0,0,0,0,0,0,0,0,0,0,0,0,33
2014,BLR,Belarus,ASY,0,25,6,40,5,0,76,5,15,14,57,0,0,91,167
2014,BLR,Belarus,REF,0,31,16,86,17,0,150,5,23,11,85,10,0,134,284
2014,BOL,Bolivia (Plurinational State of),REF,0,0,0,0,0,0,0,0,0,0,0,0,0,0,0
2014,BRA,Brazil,ASY,0,0,0,13,0,0,13,0,0,0,5,0,0,5,18
2014,BRA,Brazil,REF,0,0,0,0,0,0,0,0,0,0,0,0,0,0,0
2014,BIH,Bosnia and Herzegovina,ASY,0,0,0,0,0,0,0,0,0,0,0,0,0,0,0
2014,BGR,Bulgaria,ASY,0,0,0,0,0,17,17,0,0,0,0,0,19,19,36
2014,CAN,Canada,ASY,0,7,0,48,6,0,61,8,0,0,62,6,0,76,158
2014,CAN,Canada,REF,0,7,5,82,12,0,106,0,5,5,93,5,0,108,1468
2014,CHL,Chile,ASY,0,0,0,0,0,0,0,0,0,0,0,0,0,0,6
2014,CHL,Chile,REF,0,0,0,0,0,0,0,0,0,0,0,0,0,0,0
2014,CRI,Costa Rica,ASY,0,0,0,0,0,0,0,0,0,0,0,0,0,0,5
2014,CRI,Costa Rica,REF,0,0,0,0,0,0,0,0,0,0,0,0,0,0,21
2014,CYP,Cyprus,ASY,0,0,0,0,0,0,0,0,0,0,0,0,0,0,89
2014,CYP,Cyprus,REF,0,0,0,0,0,0,0,0,0,0,0,0,0,0,29
2014,CZE,Czechia,ASY,0,0,0,0,0,0,0,0,0,0,0,0,0,0,174
2014,CZE,Czechia,REF,0,0,0,0,0,0,0,0,0,0,0,0,0,0,292
2014,DNK,Denmark,ASY,0,0,0,0,0,0,0,0,0,0,0,0,0,0,46
2014,DNK,Denmark,REF,0,0,0,0,0,0,0,0,0,0,0,0,0,0,12
2014,EST,Estonia,ASY,0,5,0,9,5,0,19,0,5,0,20,0,0,25,44
2014,FJI,Fiji,ASY,0,0,6,0,0,0,6,0,0,0,0,0,0,0,6
2014,FIN,Finland,ASY,0,0,0,0,0,0,0,0,0,0,0,0,0,0,54
2014,FIN,Finland,REF,0,0,0,0,0,0,0,0,0,0,0,0,0,0,9
2014,FRA,France,ASY,0,0,0,0,0,0,0,0,0,0,0,0,0,0,1239
2014,FRA,France,REF,0,0,0,0,0,397,397,0,0,0,0,0,340,340,737
2014,GBR,United Kingdom of Great Britain and Northern Ireland,ASY,0,0,0,0,0,0,0,0,0,0,0,0,0,0,187
2014,GBR,United Kingdom of Great Britain and Northern Ireland,REF,0,0,0,0,0,0,0,0,0,0,0,0,0,0,85
2014,GEO,Georgia,ASY,23,37,11,138,13,0,222,29,23,18,57,6,0,133,355
2014,DEU,Germany,ASY,160,167,76,881,106,0,1390,165,162,101,905,49,0,1382,2772
2014,DEU,Germany,REF,9,29,23,81,15,0,157,13,26,21,73,9,0,142,299
2014,GRC,Greece,ASY,0,0,0,0,0,0,0,0,0,0,0,0,0,0,48
2014,GRC,Greece,REF,0,0,0,0,0,0,0,0,0,0,0,0,0,0,10
2014,HRV,Croatia,ASY,0,0,0,6,0,0,6,0,0,0,0,0,0,0,6
2014,HRV,Croatia,REF,0,0,0,0,0,0,0,0,0,5,0,0,0,5,5
2014,HUN,Hungary,ASY,0,0,0,0,0,0,0,0,0,0,0,0,0,0,7
2014,HUN,Hungary,REF,0,0,0,0,0,0,0,0,0,0,0,0,0,0,10
2014,ISL,Iceland,ASY,0,0,0,0,0,0,0,0,0,0,0,0,0,0,10
2014,ISL,Iceland,REF,0,0,0,0,0,0,0,0,0,0,0,0,0,0,6
2014,IND,India,ASY,0,0,0,5,0,0,5,0,0,0,0,0,0,0,5
2014,IDN,Indonesia,REF,0,0,0,0,0,0,0,0,0,0,0,0,0,0,0
2014,IRL,Ireland,ASY,0,0,0,0,0,0,0,0,0,0,0,0,0,0,59
2014,IRL,Ireland,REF,0,0,0,0,0,0,0,0,0,0,0,0,0,0,97
2014,IRQ,Iraq,ASY,0,0,0,0,0,0,0,0,0,0,0,0,0,0,0
2014,ITA,Italy,ASY,0,0,0,0,0,0,0,0,0,0,0,0,0,0,1556
2014,ITA,Italy,REF,0,0,0,0,0,0,0,0,0,0,0,0,0,0,236
2014,JOR,Jordan,ASY,0,0,0,0,5,0,5,0,0,0,0,0,0,0,5
2014,JOR,Jordan,REF,0,0,0,0,0,0,0,0,0,0,0,0,0,0,0
2014,KAZ,Kazakhstan,ASY,0,0,8,7,0,0,15,0,0,0,6,0,0,6,21
2014,KAZ,Kazakhstan,REF,0,0,0,0,0,0,0,0,0,0,0,0,0,0,0
2014,KGZ,Kyrgyzstan,ASY,0,0,0,9,0,0,9,0,0,0,9,0,0,9,18
2014,KOR,Republic of Korea,ASY,0,0,0,7,0,0,7,0,0,0,0,0,0,0,7
2014,LBN,Lebanon,ASY,0,5,0,0,0,0,5,0,0,0,0,0,0,0,5
2014,LBN,Lebanon,OOC,0,0,0,0,0,0,0,0,0,5,0,0,0,5,5
2014,LIE,Liechtenstein,ASY,0,0,0,0,0,0,0,0,0,0,0,0,0,0,0
2014,LKA,Sri Lanka,ASY,0,0,0,0,0,0,0,0,0,0,0,0,0,0,0
2014,LTU,Lithuania,ASY,0,0,0,15,0,0,15,0,0,0,6,0,0,6,21
2014,LTU,Lithuania,REF,0,0,9,0,0,0,9,0,0,6,0,0,0,6,34
2014,LUX,Luxembourg,ASY,0,0,0,0,0,8,8,0,0,0,0,0,15,15,23
2014,LUX,Luxembourg,REF,0,0,0,0,0,0,0,0,0,0,0,0,5,5,5
2014,LVA,Latvia,ASY,0,5,0,16,10,0,31,0,5,0,16,0,0,21,52
2014,LVA,Latvia,REF,0,0,0,0,0,0,0,0,0,0,0,0,0,0,0
2014,MKD,Republic of North Macedonia,ASY,0,0,0,0,0,0,0,0,0,0,0,0,0,0,0
2014,MKD,Republic of North Macedonia,REF,0,0,0,0,0,0,0,0,0,0,0,0,0,0,0
2014,MDA,Republic of Moldova,ASY,0,6,0,30,7,0,43,8,0,0,27,5,0,40,83
2014,MDA,Republic of Moldova,REF,0,0,0,6,6,0,12,0,0,5,0,0,0,5,17
2014,MEX,Mexico,ASY,0,0,0,0,0,0,0,0,0,0,0,0,0,0,10
2014,MLT,Malta,ASY,0,0,0,0,0,0,0,0,0,0,0,0,0,0,5
2014,MLT,Malta,REF,0,0,0,0,0,0,0,0,0,0,0,0,0,0,27
2014,NLD,Netherlands,ASY,0,0,0,0,0,0,0,0,0,0,0,0,0,0,103
2014,NLD,Netherlands,REF,0,0,0,0,0,0,0,0,0,0,0,0,0,0,52
2014,NOR,Norway,ASY,0,0,0,0,0,0,0,0,0,0,0,0,0,0,39
2014,NOR,Norway,REF,0,0,0,0,0,0,0,0,0,0,0,0,0,0,8
2014,NZL,New Zealand,ASY,0,0,0,0,0,0,0,0,0,0,0,0,0,0,0
2014,PAN,Panama,ASY,0,0,0,0,0,0,0,0,0,0,0,0,0,0,0
2014,PAN,Panama,REF,0,0,0,0,0,0,0,0,0,0,0,0,0,0,0
2014,PER,Peru,ASY,0,0,0,0,0,0,0,0,0,0,0,0,0,0,0
2014,PER,Peru,REF,0,0,5,0,0,0,5,0,0,0,0,0,0,0,5
2014,POL,Poland,ASY,0,0,0,0,0,0,0,0,0,0,0,0,0,0,1077
2014,POL,Poland,REF,0,0,0,0,0,0,0,0,0,0,0,0,0,0,35
2014,PRT,Portugal,ASY,0,0,0,0,0,0,0,0,0,0,0,0,0,0,137
2014,PRT,Portugal,REF,0,0,0,0,0,0,0,0,0,0,0,0,0,0,16
2014,ROU,Romania,ASY,0,0,0,0,0,0,0,0,0,0,0,0,9,9,9
2014,ROU,Romania,REF,0,0,0,6,0,0,6,0,0,0,7,0,0,7,13
2014,ZAF,South Africa,ASY,0,0,0,0,0,0,0,0,0,0,0,0,0,0,6
2014,ZAF,South Africa,REF,0,0,0,0,0,8,8,0,0,0,0,0,0,0,8
2014,RUS,Russian Federation,ASY,0,0,0,0,0,0,0,0,0,0,0,0,0,0,2229
2014,RUS,Russian Federation,REF,0,0,0,0,0,162251,162251,0,0,0,0,0,69536,69536,231787
2014,ESP,Spain,ASY,0,0,0,0,0,0,0,0,0,0,0,0,0,0,689
2014,ESP,Spain,REF,0,0,0,0,0,0,0,0,0,0,0,0,0,0,5
2014,SRB,Serbia,ASY,0,0,0,0,0,0,0,0,0,0,5,0,0,5,5
2014,SVK,Slovakia,REF,0,0,0,0,0,0,0,0,0,0,0,0,0,0,17
2014,SVN,Slovenia,ASY,0,0,0,8,0,0,8,0,0,0,0,0,0,0,8
2014,SVN,Slovenia,REF,0,0,0,0,0,0,0,0,0,0,0,0,0,0,0
2014,SWE,Sweden,ASY,0,0,0,0,0,0,0,0,0,0,0,0,0,0,1094
2014,SWE,Sweden,REF,0,0,0,0,0,0,0,0,0,0,0,0,0,0,114
2014,CHE,Switzerland,ASY,0,9,5,35,8,0,57,6,0,6,54,0,0,66,132
2014,CHE,Switzerland,REF,0,0,0,8,0,0,8,0,0,0,9,0,0,9,17
2014,SYR,Syrian Arab Republic,ASY,0,0,0,0,0,0,0,0,0,0,0,0,0,0,0
2014,THA,Thailand,ASY,0,0,0,0,0,0,0,0,0,0,0,0,0,0,0
2014,UKR,Ukraine,IDP,0,0,0,0,0,534950,534950,0,0,0,0,0,288050,288050,823000
2014,URY,Uruguay,REF,0,0,0,6,0,0,6,0,0,0,0,5,0,5,11
2014,USA,United States of America,ASY,0,0,0,0,0,0,0,0,0,0,0,0,0,0,1806
2014,USA,United States of America,REF,0,0,0,0,0,0,0,0,0,0,0,0,0,0,1424
2015,ALB,Albania,ASY,0,0,0,0,0,0,0,0,0,0,0,0,0,0,0
2015,ARG,Argentina,ASY,0,7,6,42,8,0,63,5,0,6,67,5,0,83,146
2015,ARG,Argentina,REF,0,0,0,12,5,0,17,0,0,5,22,0,0,27,44
2015,ARM,Armenia,ASY,0,0,0,0,0,0,0,0,0,0,0,0,0,0,0
2015,ARM,Armenia,REF,10,10,0,40,0,0,60,5,10,9,25,0,0,49,109
2015,AUS,Australia,ASY,0,0,0,0,0,0,0,0,0,0,0,0,0,0,68
2015,AUS,Australia,REF,0,0,0,0,0,0,0,0,0,0,0,0,0,0,21
2015,AUT,Austria,ASY,0,0,0,0,0,0,0,0,0,0,0,0,0,0,756
2015,AUT,Austria,REF,0,0,0,0,0,0,0,0,0,0,0,0,0,0,287
2015,AZE,Azerbaijan,REF,0,0,0,7,0,0,7,0,0,0,8,0,0,8,15
2015,BEL,Belgium,ASY,0,0,0,0,0,0,0,0,0,0,0,0,0,0,234
2015,BEL,Belgium,REF,0,0,0,0,0,59,59,0,0,0,0,0,63,63,122
2015,BLR,Belarus,ASY,0,0,0,0,0,0,0,0,0,0,0,0,0,0,209
2015,BLR,Belarus,REF,0,0,0,0,0,0,0,0,0,0,0,0,0,0,1089
2015,BOL,Bolivia (Plurinational State of),REF,0,0,0,0,0,0,0,0,0,0,0,0,0,0,0
2015,BRA,Brazil,ASY,0,0,0,20,0,0,20,0,0,0,25,0,0,25,45
2015,BRA,Brazil,REF,0,0,0,5,0,0,5,0,0,0,0,0,0,0,5
2015,BIH,Bosnia and Herzegovina,ASY,0,0,0,0,0,0,0,0,0,0,0,0,0,0,0
2015,BGR,Bulgaria,ASY,0,0,0,0,0,41,41,0,0,0,0,0,34,34,75
2015,BGR,Bulgaria,REF,0,0,0,0,0,0,0,0,0,0,0,0,0,0,0
2015,CAN,Canada,ASY,5,9,5,76,6,0,101,5,8,5,93,5,0,116,236
2015,CAN,Canada,REF,0,0,0,0,0,0,0,0,0,0,0,0,0,0,1314
2015,CHN,China,ASY,0,0,0,0,0,0,0,0,0,0,0,0,0,0,0
2015,CHL,Chile,ASY,0,0,0,0,0,0,0,0,0,0,0,0,0,0,8
2015,CHL,Chile,REF,0,0,0,0,0,0,0,0,0,0,0,0,0,0,0
2015,COL,Colombia,ASY,0,0,0,0,0,0,0,0,0,0,0,0,0,0,0
2015,CRI,Costa Rica,ASY,0,0,0,0,0,0,0,0,0,0,0,0,0,0,5
2015,CRI,Costa Rica,REF,0,0,0,0,0,0,0,0,0,0,0,0,0,0,12
2015,CYP,Cyprus,ASY,0,0,0,0,0,0,0,0,0,0,0,0,0,0,126
2015,CYP,Cyprus,REF,0,0,0,0,0,0,0,0,0,0,0,0,0,0,29
2015,CZE,Czechia,ASY,0,0,0,0,0,0,0,0,0,0,0,0,0,0,241
2015,CZE,Czechia,REF,0,0,0,0,0,0,0,0,0,0,0,0,0,0,444
2015,DNK,Denmark,ASY,0,0,0,0,0,0,0,0,0,0,0,0,0,0,49
2015,DNK,Denmark,REF,0,0,0,0,0,0,0,0,0,0,0,0,0,0,15
2015,DOM,Dominican Republic,ASY,0,0,0,0,0,0,0,0,0,5,0,0,0,5,5
2015,EST,Estonia,ASY,0,0,5,10,0,0,15,0,0,7,11,0,0,18,33
2015,EST,Estonia,REF,0,0,9,16,7,0,32,6,0,8,13,0,0,27,59
2015,FJI,Fiji,ASY,0,0,6,0,0,0,6,0,0,0,0,0,0,0,6
2015,FIN,Finland,ASY,0,0,0,0,0,0,0,0,0,0,0,0,0,0,44
2015,FIN,Finland,REF,0,0,0,0,0,0,0,0,0,0,0,0,0,0,10
2015,FRA,France,ASY,0,0,0,0,0,0,0,0,0,0,0,0,0,0,1533
2015,FRA,France,REF,0,0,0,0,0,585,585,0,0,0,0,0,453,453,1038
2015,GBR,United Kingdom of Great Britain and Northern Ireland,ASY,0,0,0,0,0,0,0,0,0,0,0,0,0,0,139
2015,GBR,United Kingdom of Great Britain and Northern Ireland,REF,0,0,0,0,0,0,0,0,0,0,0,0,0,0,85
2015,GEO,Georgia,ASY,0,8,0,19,0,0,27,0,0,0,9,0,0,9,36
2015,GEO,Georgia,REF,48,56,33,237,36,0,410,26,47,22,145,18,0,258,668
2015,DEU,Germany,ASY,353,405,201,2011,226,0,3196,399,453,216,2124,88,0,3280,6628
2015,DEU,Germany,REF,8,31,20,110,16,0,185,12,22,17,74,10,0,135,320
2015,GRC,Greece,ASY,0,0,0,0,0,0,0,0,0,0,0,0,0,0,124
2015,GRC,Greece,REF,0,0,0,0,0,0,0,0,0,0,0,0,0,0,85
2015,GTM,Guatemala,ASY,0,0,0,0,0,0,0,0,0,0,0,0,0,0,0
2015,HKG,"China, Hong Kong Special Administrative Region",ASY,0,0,0,0,0,0,0,0,0,0,0,0,0,0,0
2015,HRV,Croatia,ASY,0,0,0,0,0,0,0,0,0,0,5,0,0,5,5
2015,HRV,Croatia,REF,0,0,0,0,0,0,0,0,0,5,0,0,0,5,5
2015,HUN,Hungary,ASY,0,0,0,0,0,0,0,0,0,0,0,0,5,5,11
2015,HUN,Hungary,REF,0,0,0,0,0,0,0,0,0,0,0,0,0,0,17
2015,ISL,Iceland,ASY,0,0,0,0,0,0,0,0,0,0,0,0,0,0,0
2015,ISL,Iceland,REF,0,0,0,0,0,0,0,0,0,0,0,0,0,0,12
2015,IND,India,ASY,0,0,0,6,0,0,6,0,0,0,7,0,0,7,13
2015,IDN,Indonesia,ASY,0,0,0,0,0,0,0,0,0,0,0,0,0,0,0
2015,IRL,Ireland,ASY,0,5,0,33,5,0,43,6,6,0,31,5,0,48,91
2015,IRL,Ireland,REF,0,0,0,42,6,0,48,0,0,5,50,0,0,55,103
2015,IRQ,Iraq,ASY,0,0,0,0,0,0,0,0,0,0,0,0,0,0,0
2015,ITA,Italy,ASY,0,0,0,0,0,0,0,0,0,0,0,0,0,0,3106
2015,ITA,Italy,REF,0,0,0,0,0,0,0,0,0,0,0,0,0,0,1870
2015,JOR,Jordan,ASY,0,0,5,10,0,0,15,0,10,0,0,0,0,10,25
2015,JOR,Jordan,REF,0,0,0,0,0,0,0,0,0,0,0,0,0,0,0
2015,JPN,Japan,ASY,0,0,0,0,0,0,0,0,0,0,0,0,0,0,22
2015,KAZ,Kazakhstan,ASY,0,0,0,5,0,0,5,0,8,5,0,0,0,13,18
2015,KAZ,Kazakhstan,REF,0,0,0,0,0,0,0,0,0,0,0,0,0,0,0
2015,KGZ,Kyrgyzstan,ASY,0,0,0,5,0,0,5,0,0,0,5,0,0,5,10
2015,KGZ,Kyrgyzstan,REF,0,0,0,5,0,0,5,0,0,0,5,0,0,5,10
2015,KOR,Republic of Korea,ASY,0,0,0,12,0,0,12,0,0,0,5,0,0,5,17
2015,KOR,Republic of Korea,REF,0,0,0,5,0,0,5,0,0,0,0,0,0,0,5
2015,KWT,Kuwait,ASY,0,5,0,0,0,0,5,0,0,0,0,0,0,0,5
2015,LBN,Lebanon,ASY,0,0,0,5,0,0,5,0,0,0,0,0,0,0,5
2015,LBN,Lebanon,OOC,0,0,0,0,0,0,0,0,0,5,0,0,0,5,5
2015,LIE,Liechtenstein,ASY,0,0,0,0,0,0,0,0,0,0,0,0,0,0,10
2015,LKA,Sri Lanka,ASY,0,0,0,5,0,0,5,0,0,0,0,0,0,0,5
2015,LTU,Lithuania,ASY,0,0,0,0,0,0,0,0,0,0,0,0,0,0,13
2015,LTU,Lithuania,REF,0,5,5,20,0,0,30,0,10,0,20,0,0,30,60
2015,LUX,Luxembourg,ASY,0,0,0,0,0,13,13,0,0,0,0,0,11,11,24
2015,LUX,Luxembourg,REF,0,0,0,0,0,0,0,0,0,0,0,0,6,6,6
2015,LVA,Latvia,ASY,0,0,0,0,0,0,0,0,0,0,0,0,0,0,5
2015,LVA,Latvia,REF,0,0,0,0,0,0,0,0,0,0,0,0,0,0,0
2015,MRT,Mauritania,REF,0,0,0,0,0,0,0,0,5,0,0,0,0,5,5
2015,MKD,Republic of North Macedonia,REF,0,0,0,0,0,0,0,0,0,0,0,0,0,0,0
2015,MDA,Republic of Moldova,ASY,0,6,0,19,0,0,25,0,6,0,20,0,0,26,51
2015,MDA,Republic of Moldova,REF,0,9,0,37,21,0,67,0,0,6,22,7,0,35,102
2015,MEX,Mexico,ASY,0,0,0,0,0,0,0,0,0,0,0,0,0,0,0
2015,MEX,Mexico,REF,0,0,0,0,0,0,0,0,0,0,0,0,0,0,5
2015,MYS,Malaysia,ASY,0,0,0,0,0,0,0,0,0,0,0,0,0,0,0
2015,MNE,Montenegro,ASY,0,0,0,0,0,0,0,0,0,0,7,0,0,7,7
2015,MNE,Montenegro,REF,0,0,0,0,0,0,0,0,0,0,0,0,0,0,0
2015,MAR,Morocco,ASY,0,0,0,0,0,0,0,0,0,0,0,0,0,0,0
2015,MLT,Malta,ASY,0,0,0,0,0,0,0,0,0,0,0,0,0,0,23
2015,MLT,Malta,REF,0,0,0,0,0,0,0,0,0,0,0,0,0,0,78
2015,NAM,Namibia,REF,0,0,0,0,0,0,0,0,0,0,0,0,0,0,0
2015,NLD,Netherlands,ASY,0,0,0,0,0,0,0,0,0,0,0,0,0,0,313
2015,NLD,Netherlands,REF,0,0,0,0,0,0,0,0,0,0,0,0,0,0,39
2015,NOR,Norway,ASY,0,0,0,0,0,0,0,0,0,0,0,0,0,0,35
2015,NOR,Norway,REF,0,0,0,0,0,0,0,0,0,0,0,0,0,0,0
2015,NZL,New Zealand,REF,0,0,0,0,0,0,0,0,0,0,0,0,0,0,0
2015,PAN,Panama,ASY,0,0,0,0,0,0,0,0,0,0,0,0,0,0,0
2015,PAN,Panama,REF,0,0,0,0,0,0,0,0,0,0,0,0,0,0,0
2015,PER,Peru,REF,0,0,0,0,0,0,0,0,0,0,0,0,0,0,11
2015,POL,Poland,ASY,0,0,0,0,0,0,0,0,0,0,0,0,0,0,719
2015,POL,Poland,REF,0,0,0,0,0,0,0,0,0,0,0,0,0,0,41
2015,PRT,Portugal,ASY,0,0,0,0,0,0,0,0,0,0,0,0,0,0,219
2015,PRT,Portugal,REF,0,0,0,0,0,0,0,0,0,0,0,0,0,0,134
2015,ROU,Romania,ASY,0,0,0,0,0,0,0,0,0,0,0,0,9,9,9
2015,ROU,Romania,REF,0,0,5,12,0,0,17,6,0,0,14,0,0,20,37
2015,ZAF,South Africa,ASY,0,0,0,0,0,0,0,0,0,0,0,0,0,0,11
2015,ZAF,South Africa,REF,0,0,0,0,0,0,0,0,0,0,0,0,0,0,8
2015,RUS,Russian Federation,ASY,0,0,0,0,0,0,0,0,0,0,0,0,0,0,1097
2015,RUS,Russian Federation,REF,0,0,0,0,0,0,0,0,0,0,0,0,0,0,311407
2015,ESP,Spain,REF,0,0,0,0,0,0,0,0,0,0,0,0,0,0,0
2015,SRB,Serbia,ASY,0,0,0,0,0,0,0,0,0,0,0,0,0,0,0
2015,SRB,Serbia,REF,0,0,0,0,0,0,0,0,0,0,9,0,0,9,9
2015,SVK,Slovakia,REF,0,0,0,0,0,0,0,0,0,0,0,0,0,0,18
2015,SVN,Slovenia,ASY,0,0,0,0,0,0,0,0,0,0,0,0,0,0,0
2015,SVN,Slovenia,REF,0,0,0,0,0,0,0,0,0,0,0,0,0,0,0
2015,SWE,Sweden,ASY,0,0,0,0,0,0,0,0,0,0,0,0,0,0,1697
2015,SWE,Sweden,REF,0,0,0,0,0,0,0,0,0,0,0,0,0,0,133
2015,CHE,Switzerland,ASY,0,0,0,0,0,119,119,0,0,0,0,0,63,63,182
2015,CHE,Switzerland,REF,0,0,0,6,0,0,6,0,0,0,10,0,0,10,16
2015,SYR,Syrian Arab Republic,ASY,0,0,0,0,0,0,0,0,0,0,0,0,0,0,0
2015,THA,Thailand,ASY,0,0,0,0,0,0,0,0,0,0,0,0,0,0,0
2015,TJK,Tajikistan,REF,0,0,0,0,0,0,0,0,0,0,0,0,0,0,0
2015,TGO,Togo,ASY,0,0,0,0,0,0,0,0,0,0,0,0,0,0,0
2015,TTO,Trinidad and Tobago,REF,0,0,0,0,0,0,0,0,0,0,0,0,0,0,0
2015,TUR,Turkey,ASY,0,0,0,0,0,0,0,0,0,0,0,0,0,0,0
2015,TUR,Turkey,REF,0,0,0,0,0,0,0,0,0,0,0,0,0,0,0
2015,UKR,Ukraine,IDP,0,0,0,0,0,0,0,0,0,0,0,0,0,0,1600000
2015,UKR,Ukraine,RET,0,0,0,0,0,0,0,0,0,0,0,0,0,0,0
2015,URY,Uruguay,REF,0,0,0,6,0,0,6,0,0,0,0,5,0,5,11
2015,USA,United States of America,ASY,0,0,0,0,0,0,0,0,0,0,0,0,0,0,3859
2015,USA,United States of America,REF,0,0,0,0,0,0,0,0,0,0,0,0,0,0,1486
2016,ALB,Albania,ASY,0,0,0,0,0,0,0,0,0,0,0,0,0,0,0
2016,ALB,Albania,REF,0,0,0,0,0,0,0,0,0,0,0,0,0,0,0
2016,ARG,Argentina,ASY,0,5,9,60,11,0,85,0,6,0,88,5,0,99,184
2016,ARG,Argentina,REF,0,5,0,25,5,0,35,0,0,9,34,5,0,48,83
2016,ARM,Armenia,ASY,5,0,0,0,0,0,5,0,0,0,0,0,0,0,5
2016,ARM,Armenia,REF,10,12,0,42,0,0,64,5,10,9,25,0,0,49,113
2016,AUS,Australia,ASY,0,0,0,0,0,0,0,0,0,0,0,0,0,0,68
2016,AUS,Australia,REF,0,0,0,0,0,0,0,0,0,0,0,0,0,0,20
2016,AUT,Austria,ASY,0,0,0,0,0,0,0,0,0,0,0,0,0,0,846
2016,AUT,Austria,REF,0,0,0,0,0,0,0,0,0,0,0,0,0,0,301
2016,AZE,Azerbaijan,ASY,0,0,0,0,0,0,0,0,0,0,0,0,0,0,5
2016,AZE,Azerbaijan,REF,0,0,0,9,0,0,9,0,0,0,0,0,0,0,9
2016,BEL,Belgium,ASY,0,0,0,0,0,0,0,0,0,0,0,0,0,0,220
2016,BEL,Belgium,REF,0,0,0,0,0,82,82,0,0,0,0,0,84,84,166
2016,BLR,Belarus,ASY,0,0,0,0,0,0,0,0,0,0,0,0,0,0,178
2016,BLR,Belarus,REF,0,0,0,0,0,0,0,0,0,0,5,0,0,5,1184
2016,BOL,Bolivia (Plurinational State of),REF,0,0,0,0,0,0,0,0,0,0,0,0,0,0,0
2016,BRA,Brazil,ASY,0,0,0,0,0,19,19,0,0,0,0,0,29,29,48
2016,BRA,Brazil,REF,0,0,0,7,0,0,7,0,0,0,0,0,0,0,7
2016,BGR,Bulgaria,ASY,0,0,0,0,0,0,0,0,0,0,0,0,0,0,78
2016,BGR,Bulgaria,REF,0,0,0,0,0,0,0,0,0,0,0,0,0,0,0
2016,CAN,Canada,ASY,0,0,0,53,0,0,53,0,0,0,103,0,0,103,338
2016,CAN,Canada,REF,0,5,6,54,0,0,65,0,7,6,74,0,0,87,1077
2016,CHL,Chile,ASY,0,0,0,0,0,0,0,0,0,0,0,0,0,0,5
2016,CHL,Chile,REF,0,0,0,0,0,0,0,0,0,0,0,0,0,0,0
2016,COL,Colombia,ASY,0,0,0,0,0,0,0,0,0,0,0,0,0,0,0
2016,CRI,Costa Rica,REF,0,0,0,0,0,6,6,0,0,0,0,0,8,8,14
2016,CYP,Cyprus,ASY,0,0,0,0,0,0,0,0,0,0,0,0,0,0,126
2016,CYP,Cyprus,REF,0,0,0,0,0,0,0,0,0,0,0,0,0,0,29
2016,CZE,Czechia,ASY,0,0,0,0,0,0,0,0,0,0,0,0,0,0,232
2016,CZE,Czechia,REF,0,0,0,0,0,0,0,0,0,0,0,0,0,0,444
2016,DNK,Denmark,ASY,0,0,0,0,0,14,14,0,0,0,0,0,22,22,53
2016,DNK,Denmark,REF,0,0,0,0,0,0,0,0,0,0,0,0,0,0,25
2016,DOM,Dominican Republic,REF,0,0,0,0,0,0,0,0,0,5,0,0,0,5,5
2016,EST,Estonia,ASY,0,0,0,0,0,0,0,0,0,0,0,0,0,0,0
2016,EST,Estonia,REF,0,0,0,0,0,0,0,0,0,0,0,0,0,0,80
2016,FJI,Fiji,ASY,0,0,0,0,0,0,0,0,0,0,0,0,0,0,0
2016,FIN,Finland,ASY,0,0,0,0,0,0,0,0,0,0,0,0,0,0,24
2016,FIN,Finland,REF,0,0,0,0,0,0,0,0,0,0,0,0,0,0,10
2016,FRA,France,ASY,0,0,0,0,0,0,0,0,0,0,0,0,0,0,636
2016,FRA,France,REF,0,0,0,0,0,769,769,0,0,0,0,0,613,613,1382
2016,GBR,United Kingdom of Great Britain and Northern Ireland,ASY,0,0,0,0,0,0,0,0,0,0,0,0,0,0,96
2016,GBR,United Kingdom of Great Britain and Northern Ireland,REF,0,0,0,0,0,0,0,0,0,0,0,0,0,0,90
2016,GEO,Georgia,ASY,0,0,0,7,0,0,7,0,7,0,0,0,0,7,14
2016,GEO,Georgia,REF,41,67,29,259,36,0,432,27,49,26,148,20,0,270,702
2016,DEU,Germany,ASY,343,398,192,1991,245,0,3169,433,454,222,1977,91,0,3177,6346
2016,DEU,Germany,REF,8,27,17,137,31,0,220,9,18,20,74,14,0,135,355
2016,GRC,Greece,ASY,0,0,0,0,0,0,0,0,0,0,0,0,0,0,144
2016,GRC,Greece,REF,0,0,0,0,0,0,0,0,0,0,0,0,0,0,112
2016,GTM,Guatemala,REF,0,0,0,0,0,0,0,0,0,0,0,0,0,0,0
2016,HRV,Croatia,ASY,0,0,0,0,0,0,0,0,0,0,0,0,0,0,0
2016,HRV,Croatia,REF,0,0,0,0,0,0,0,0,0,5,0,0,0,5,5
2016,HUN,Hungary,ASY,0,0,0,0,0,0,0,0,0,0,0,0,0,0,5
2016,HUN,Hungary,REF,0,0,0,0,0,0,0,0,0,0,0,0,0,0,19
2016,ISL,Iceland,REF,0,0,0,0,0,0,0,0,0,0,0,0,0,0,15
2016,IND,India,ASY,0,0,0,5,0,0,5,5,0,0,0,0,0,5,10
2016,IDN,Indonesia,ASY,0,0,0,0,0,0,0,0,0,0,0,0,0,0,0
2016,IRL,Ireland,ASY,0,0,5,24,6,0,35,5,6,0,19,5,0,35,70
2016,IRL,Ireland,REF,0,5,0,40,5,0,50,0,5,0,53,0,0,58,108
2016,IRQ,Iraq,ASY,0,0,0,0,0,0,0,0,0,0,0,0,0,0,0
2016,ISR,Israel,ASY,0,0,0,0,0,0,0,0,0,0,0,0,0,0,6797
2016,ITA,Italy,ASY,0,0,0,0,0,0,0,0,0,0,0,0,0,0,2544
2016,ITA,Italy,REF,0,0,0,0,0,0,0,0,0,0,0,0,0,0,3720
2016,JOR,Jordan,ASY,0,0,5,11,0,0,16,0,11,0,0,0,0,11,27
2016,JOR,Jordan,REF,0,0,0,0,0,0,0,0,0,0,0,0,0,0,0
2016,KAZ,Kazakhstan,ASY,0,0,0,5,0,0,5,0,0,13,0,0,0,13,18
2016,KGZ,Kyrgyzstan,ASY,0,0,0,0,0,0,0,0,0,0,5,0,0,5,5
2016,KGZ,Kyrgyzstan,REF,0,0,0,7,0,0,7,0,0,0,7,0,0,7,14
2016,KOR,Republic of Korea,ASY,5,0,0,6,0,0,11,0,0,0,0,0,0,0,11
2016,KOR,Republic of Korea,REF,0,0,0,8,0,0,8,0,0,0,0,0,0,0,8
2016,KWT,Kuwait,ASY,0,5,0,0,0,0,5,0,0,0,0,0,0,0,5
2016,LBN,Lebanon,ASY,0,0,0,6,0,0,6,0,0,0,0,0,0,0,6
2016,LBN,Lebanon,OOC,0,0,0,0,0,0,0,0,0,5,0,0,0,5,5
2016,LIE,Liechtenstein,ASY,0,0,0,0,0,0,0,0,0,0,0,0,0,0,12
2016,LIE,Liechtenstein,REF,0,0,0,0,0,0,0,0,0,0,0,0,0,0,5
2016,LKA,Sri Lanka,ASY,0,0,0,0,0,0,0,0,0,0,0,0,0,0,0
2016,LTU,Lithuania,ASY,0,0,0,0,0,0,0,0,0,0,0,0,0,0,5
2016,LTU,Lithuania,REF,0,0,0,0,0,0,0,0,0,0,0,0,0,0,61
2016,LUX,Luxembourg,ASY,0,0,0,0,0,15,15,0,0,0,0,0,23,23,38
2016,LUX,Luxembourg,REF,0,0,0,0,0,0,0,0,0,0,0,0,6,6,6
2016,LVA,Latvia,ASY,0,0,0,0,0,0,0,0,0,0,0,0,0,0,0
2016,LVA,Latvia,REF,0,0,0,0,0,0,0,0,0,0,0,0,0,0,0
2016,MRT,Mauritania,REF,0,0,5,0,0,0,5,0,0,0,0,0,0,0,5
2016,MDA,Republic of Moldova,ASY,0,5,12,0,0,0,17,0,5,0,7,0,0,12,29
2016,MDA,Republic of Moldova,REF,0,5,0,26,17,0,48,0,0,6,12,8,0,26,74
2016,MEX,Mexico,ASY,0,0,0,0,0,0,0,0,0,0,0,0,0,0,0
2016,MEX,Mexico,REF,0,0,0,0,0,0,0,0,0,0,0,0,0,0,6
2016,MNE,Montenegro,ASY,0,0,0,0,0,0,0,0,0,0,5,0,0,5,5
2016,MNE,Montenegro,REF,0,0,0,0,0,0,0,0,0,0,0,0,0,0,0
2016,MLT,Malta,ASY,0,0,0,0,0,0,0,0,0,0,0,0,0,0,64
2016,MLT,Malta,REF,0,0,0,0,0,0,0,0,0,0,0,0,0,0,109
2016,NAM,Namibia,REF,0,0,0,0,0,0,0,0,0,0,0,0,0,0,0
2016,NPL,Nepal,ASY,0,0,0,0,0,0,0,0,0,0,0,0,0,0,0
2016,NLD,Netherlands,ASY,0,0,0,0,0,0,0,0,0,0,0,0,0,0,64
2016,NLD,Netherlands,REF,0,0,0,0,0,0,0,0,0,0,0,0,0,0,32
2016,NOR,Norway,ASY,0,0,0,0,0,0,0,0,0,0,0,0,0,0,10
2016,NOR,Norway,REF,0,0,0,0,0,0,0,0,0,0,0,0,0,0,9
2016,NZL,New Zealand,REF,0,0,0,0,0,0,0,0,0,0,0,0,0,0,0
2016,PAN,Panama,ASY,0,0,0,0,0,0,0,0,0,0,6,0,0,6,6
2016,PAN,Panama,REF,0,0,0,0,0,0,0,0,0,0,0,0,0,0,0
2016,PER,Peru,ASY,0,0,0,0,0,0,0,0,0,0,0,0,0,0,0
2016,PER,Peru,REF,0,0,0,0,0,0,0,0,0,0,0,0,0,0,14
2016,POL,Poland,ASY,0,0,0,0,0,0,0,0,0,0,0,0,0,0,520
2016,POL,Poland,REF,0,0,0,0,0,0,0,0,0,0,0,0,0,0,114
2016,PRT,Portugal,ASY,0,0,0,0,0,0,0,0,0,0,0,0,0,0,99
2016,PRT,Portugal,REF,0,0,0,0,0,0,0,0,0,0,0,0,0,0,328
2016,ROU,Romania,ASY,0,0,0,0,0,0,0,0,0,0,0,0,0,0,0
2016,ROU,Romania,REF,0,0,5,15,0,0,20,0,0,5,14,0,0,19,39
2016,ZAF,South Africa,ASY,0,0,0,0,0,0,0,0,0,0,0,0,0,0,8
2016,ZAF,South Africa,REF,0,0,0,0,0,0,0,0,0,0,0,0,0,0,6
2016,RUS,Russian Federation,ASY,0,0,0,0,0,0,0,0,0,0,0,0,0,0,2183
2016,RUS,Russian Federation,REF,0,0,0,0,0,0,0,0,0,0,0,0,0,0,226232
2016,ESP,Spain,ASY,0,0,0,0,0,0,0,0,0,0,0,0,0,0,5555
2016,ESP,Spain,REF,0,0,0,0,0,0,0,0,0,0,0,0,0,0,68
2016,SRB,Serbia,REF,0,0,0,5,0,0,5,0,0,0,9,0,0,9,14
2016,SVK,Slovakia,REF,0,0,0,0,0,0,0,0,0,0,0,0,0,0,21
2016,SVN,Slovenia,ASY,0,0,0,0,0,0,0,0,0,0,0,0,0,0,0
2016,SVN,Slovenia,REF,0,0,0,0,0,0,0,0,0,0,0,0,0,0,0
2016,SWE,Sweden,ASY,0,0,0,0,0,0,0,0,0,0,0,0,0,0,810
2016,SWE,Sweden,REF,0,0,0,0,0,0,0,0,0,0,0,0,0,0,203
2016,CHE,Switzerland,ASY,5,7,5,38,5,0,60,7,0,6,35,5,0,53,113
2016,CHE,Switzerland,REF,0,0,7,12,5,5,29,0,0,0,6,0,0,6,35
2016,SYR,Syrian Arab Republic,ASY,0,0,0,0,0,0,0,0,0,0,0,0,0,0,0
2016,THA,Thailand,ASY,0,0,0,0,0,0,0,0,0,0,0,0,0,0,0
2016,THA,Thailand,REF,0,0,0,0,0,0,0,0,0,0,0,0,0,0,0
2016,TJK,Tajikistan,REF,0,0,0,0,0,0,0,0,0,0,0,0,0,0,0
2016,TGO,Togo,ASY,0,0,0,0,0,0,0,0,0,0,0,0,0,0,0
2016,TUR,Turkey,ASY,0,0,0,0,0,0,0,0,0,0,0,0,0,0,0
2016,TUR,Turkey,REF,0,0,0,0,0,0,0,0,0,0,0,0,0,0,0
2016,UKR,Ukraine,IDP,0,0,0,0,0,0,0,0,0,0,0,0,0,0,1800000
2016,UKR,Ukraine,RET,0,0,0,0,0,0,0,0,0,0,0,0,0,0,6
2016,URY,Uruguay,REF,0,0,0,6,0,0,6,0,0,0,0,5,0,5,11
2016,USA,United States of America,ASY,0,0,0,0,0,0,0,0,0,0,0,0,0,0,5985
2016,USA,United States of America,REF,0,0,0,0,0,0,0,0,0,0,0,0,0,0,1573
2017,ALB,Albania,ASY,0,0,0,0,0,0,0,0,0,0,0,0,0,0,0
2017,ALB,Albania,REF,0,0,0,0,0,0,0,0,0,0,0,0,0,0,0
2017,ARG,Argentina,ASY,0,0,8,43,5,0,56,0,6,0,70,0,0,76,159
2017,ARG,Argentina,REF,0,6,0,30,7,0,43,0,7,0,39,5,0,51,94
2017,ARM,Armenia,ASY,0,0,0,0,0,0,0,0,0,0,0,0,0,0,0
2017,ARM,Armenia,REF,9,11,0,45,0,0,65,5,8,9,26,0,0,48,113
2017,AUS,Australia,ASY,0,0,0,0,0,0,0,0,0,0,0,0,0,0,82
2017,AUS,Australia,REF,0,0,0,0,0,0,0,0,0,0,0,0,0,0,18
2017,AUT,Austria,ASY,0,0,0,0,0,0,0,0,0,0,0,0,0,0,770
2017,AUT,Austria,REF,0,0,0,0,0,0,0,0,0,0,0,0,0,0,292
2017,AZE,Azerbaijan,REF,0,0,0,6,0,0,6,0,0,0,0,0,0,0,6
2017,BEL,Belgium,ASY,0,0,0,0,0,0,0,0,0,0,0,0,0,0,195
2017,BEL,Belgium,REF,0,0,0,0,0,0,0,0,0,0,0,0,0,0,166
2017,BLR,Belarus,ASY,0,0,0,0,0,0,0,0,0,0,0,0,255,255,255
2017,BLR,Belarus,REF,0,0,0,0,0,0,0,0,0,0,5,0,0,5,1694
2017,BOL,Bolivia (Plurinational State of),REF,0,0,0,0,0,0,0,0,0,0,0,0,0,0,0
2017,BRA,Brazil,ASY,0,0,0,0,0,0,0,0,0,0,0,0,0,0,65
2017,BRA,Brazil,REF,0,0,0,0,0,0,0,0,0,0,0,0,0,0,10
2017,BGR,Bulgaria,ASY,0,0,0,0,0,0,0,0,0,0,0,0,0,0,50
2017,BGR,Bulgaria,REF,0,0,0,0,0,0,0,0,0,0,0,0,0,0,0
2017,CAN,Canada,ASY,0,0,0,0,0,0,0,0,0,0,0,0,0,0,432
2017,CAN,Canada,REF,0,0,0,0,0,0,0,0,0,0,0,0,0,0,1126
2017,CHL,Chile,ASY,0,0,0,0,0,0,0,0,0,0,0,0,0,0,0
2017,CHL,Chile,REF,0,0,0,0,0,0,0,0,0,0,0,0,0,0,0
2017,COL,Colombia,ASY,0,0,0,0,0,0,0,0,0,0,0,0,0,0,0
2017,CRI,Costa Rica,REF,0,0,0,0,0,7,7,0,0,0,0,0,10,10,17
2017,CYP,Cyprus,ASY,0,0,0,0,0,0,0,0,0,0,0,0,0,0,111
2017,CYP,Cyprus,REF,0,0,0,0,0,0,0,0,0,0,0,0,0,0,30
2017,CZE,Czechia,ASY,0,0,0,0,0,0,0,0,0,0,0,0,0,0,186
2017,CZE,Czechia,REF,0,0,0,0,0,0,0,0,0,0,0,0,0,0,444
2017,DNK,Denmark,ASY,0,0,0,0,0,0,0,0,0,0,0,0,0,0,43
2017,DNK,Denmark,REF,0,0,0,0,0,0,0,0,0,0,0,0,0,0,26
2017,DOM,Dominican Republic,REF,0,0,0,0,0,0,0,0,0,5,0,0,0,5,5
2017,ECU,Ecuador,ASY,0,0,0,6,0,0,6,0,0,0,8,0,0,8,14
2017,ECU,Ecuador,REF,0,0,0,0,0,0,0,0,0,0,0,0,0,0,0
2017,EST,Estonia,REF,0,0,0,0,0,0,0,0,0,0,0,0,0,0,88
2017,FIN,Finland,ASY,0,0,0,0,0,11,11,0,0,0,0,0,11,11,22
2017,FIN,Finland,REF,0,0,0,0,0,0,0,0,0,0,0,0,0,0,10
2017,FRA,France,ASY,0,0,0,0,0,0,0,0,0,0,0,0,0,0,439
2017,FRA,France,REF,0,0,0,0,0,895,895,0,0,0,0,0,710,710,1605
2017,GBR,United Kingdom of Great Britain and Northern Ireland,ASY,0,0,0,0,0,0,0,0,0,0,0,0,0,0,137
2017,GBR,United Kingdom of Great Britain and Northern Ireland,REF,0,0,0,0,0,0,0,0,0,0,0,0,0,0,110
2017,GEO,Georgia,ASY,0,0,0,5,0,0,5,0,0,0,0,0,0,0,5
2017,GEO,Georgia,REF,25,66,34,239,36,0,400,19,54,20,138,23,0,254,654
2017,DEU,Germany,ASY,214,275,153,1215,132,0,1989,256,319,156,1190,53,0,1974,3963
2017,DEU,Germany,REF,26,43,23,226,71,0,389,32,42,34,107,27,0,242,631
2017,GRC,Greece,ASY,0,0,0,0,0,0,0,0,0,0,0,0,0,0,99
2017,GRC,Greece,REF,0,0,0,0,0,0,0,0,0,0,0,0,0,0,134
2017,GTM,Guatemala,REF,0,0,0,0,0,0,0,0,0,0,0,0,0,0,0
2017,HRV,Croatia,ASY,0,0,0,0,0,0,0,0,0,0,0,0,0,0,0
2017,HRV,Croatia,REF,0,0,0,0,0,0,0,0,0,5,0,0,0,5,5
2017,HUN,Hungary,ASY,0,0,0,0,0,0,0,0,0,0,0,0,0,0,0
2017,HUN,Hungary,REF,0,0,0,0,0,0,0,0,0,0,0,0,0,0,19
2017,ISL,Iceland,ASY,0,0,0,0,0,0,0,0,0,0,0,0,0,0,7
2017,ISL,Iceland,REF,0,0,0,0,0,0,0,0,0,0,0,0,0,0,15
2017,IND,India,ASY,0,0,0,0,0,0,0,0,6,0,0,0,0,6,6
2017,IDN,Indonesia,REF,0,0,0,0,0,0,0,0,0,0,0,0,0,0,0
2017,IRL,Ireland,ASY,6,0,0,21,5,0,32,5,5,0,24,0,0,34,66
2017,IRL,Ireland,REF,0,5,0,39,6,0,50,0,5,0,50,5,0,60,110
2017,IRQ,Iraq,ASY,0,0,0,0,0,0,0,0,0,0,0,0,0,0,0
2017,ISR,Israel,ASY,0,0,0,0,0,0,0,0,0,0,0,0,0,0,11507
2017,ITA,Italy,ASY,0,0,0,0,0,0,0,0,0,0,0,0,0,0,4453
2017,ITA,Italy,REF,0,0,0,0,0,0,0,0,0,0,0,0,0,0,4947
2017,JOR,Jordan,ASY,0,0,5,7,0,0,12,5,0,0,0,0,0,5,17
2017,JOR,Jordan,REF,0,0,0,0,0,0,0,0,0,0,0,0,0,0,0
2017,KGZ,Kyrgyzstan,ASY,0,0,0,9,0,0,9,0,0,0,0,0,0,0,9
2017,KGZ,Kyrgyzstan,REF,0,5,0,6,0,0,11,0,0,0,6,0,0,6,17
2017,KOR,Republic of Korea,ASY,0,0,0,9,0,0,9,0,0,0,9,0,0,9,18
2017,KOR,Republic of Korea,REF,0,5,0,7,0,0,12,0,0,0,0,0,0,0,12
2017,KWT,Kuwait,ASY,0,5,0,0,0,0,5,0,0,0,0,0,0,0,5
2017,LBN,Lebanon,ASY,0,0,0,5,0,0,5,0,0,0,0,0,0,0,5
2017,LBN,Lebanon,OOC,0,0,0,0,0,0,0,0,0,0,5,0,0,5,5
2017,LIE,Liechtenstein,ASY,0,0,0,0,0,0,0,0,0,0,0,0,0,0,5
2017,LIE,Liechtenstein,REF,0,0,0,0,0,0,0,0,0,0,0,0,0,0,5
2017,LTU,Lithuania,ASY,0,0,0,0,0,0,0,0,0,0,0,0,0,0,21
2017,LTU,Lithuania,REF,0,0,0,0,0,0,0,0,0,0,0,0,0,0,63
2017,LUX,Luxembourg,ASY,0,0,0,0,0,0,0,0,0,0,0,0,0,0,40
2017,LUX,Luxembourg,REF,0,0,0,0,0,0,0,0,0,0,0,0,0,0,6
2017,LVA,Latvia,REF,0,0,0,0,0,0,0,0,0,0,0,0,0,0,0
2017,MRT,Mauritania,REF,0,0,5,0,0,0,5,0,0,0,0,0,0,0,5
2017,MDA,Republic of Moldova,ASY,0,0,0,6,0,0,6,0,0,0,8,0,0,8,14
2017,MDA,Republic of Moldova,REF,0,0,0,23,18,0,41,0,0,5,8,6,0,19,60
2017,MEX,Mexico,ASY,0,0,0,0,0,0,0,0,0,0,0,0,0,0,0
2017,MEX,Mexico,REF,0,0,0,0,0,0,0,0,0,0,0,0,0,0,9
2017,MNE,Montenegro,ASY,0,0,0,0,0,0,0,0,0,0,0,0,0,0,0
2017,MNE,Montenegro,REF,0,0,0,0,0,0,0,0,0,0,0,0,0,0,0
2017,MLT,Malta,ASY,0,0,0,0,0,0,0,0,0,0,0,0,0,0,68
2017,MLT,Malta,REF,0,0,0,0,0,0,0,0,0,0,0,0,0,0,120
2017,NAM,Namibia,REF,0,0,0,0,0,0,0,0,0,0,0,0,0,0,0
2017,NLD,Netherlands,ASY,0,0,0,0,0,6,6,0,0,0,0,0,26,26,32
2017,NLD,Netherlands,REF,0,0,0,0,0,0,0,0,0,0,0,0,0,0,23
2017,NOR,Norway,ASY,0,0,0,0,0,0,0,0,0,0,0,0,0,0,5
2017,NOR,Norway,REF,0,0,0,0,0,0,0,0,0,0,0,0,0,0,9
2017,NZL,New Zealand,ASY,0,0,0,0,0,0,0,0,0,0,0,0,0,0,5
2017,NZL,New Zealand,REF,0,0,0,0,0,0,0,0,0,0,0,0,0,0,0
2017,PAN,Panama,ASY,0,0,0,0,0,0,0,0,0,5,0,0,0,5,5
2017,PAN,Panama,REF,0,0,0,0,0,0,0,0,0,0,0,0,0,0,0
2017,PER,Peru,ASY,0,0,0,0,0,0,0,0,0,0,0,0,0,0,0
2017,PER,Peru,REF,0,0,0,0,0,0,0,0,0,0,0,0,0,0,15
2017,POL,Poland,ASY,0,0,0,0,0,0,0,0,0,0,0,0,0,0,333
2017,POL,Poland,REF,0,0,0,0,0,0,0,0,0,0,0,0,0,0,369
2017,PRT,Portugal,REF,0,0,0,0,0,0,0,0,0,0,0,0,0,0,373
2017,ROU,Romania,ASY,0,0,0,0,0,0,0,0,0,0,0,0,5,5,5
2017,ROU,Romania,REF,0,0,5,14,0,0,19,5,0,0,13,0,0,18,37
2017,RUS,Russian Federation,ASY,0,0,0,0,0,0,0,0,0,0,0,0,0,0,1512
2017,RUS,Russian Federation,REF,0,0,0,0,0,0,0,0,0,0,0,0,0,0,123600
2017,ESP,Spain,ASY,0,0,0,0,0,0,0,0,0,0,0,0,0,0,4466
2017,ESP,Spain,REF,0,0,0,0,0,0,0,0,0,0,0,0,0,0,368
2017,SRB,Serbia,REF,0,0,0,5,0,0,5,0,0,0,10,0,0,10,15
2017,SVK,Slovakia,REF,0,0,0,0,0,0,0,0,0,0,0,0,0,0,23
2017,SVN,Slovenia,REF,0,0,0,5,0,0,5,0,0,0,0,0,0,0,5
2017,SWE,Sweden,ASY,0,0,0,0,0,0,0,0,0,0,0,0,0,0,387
2017,SWE,Sweden,REF,0,0,0,0,0,0,0,0,0,0,0,0,0,0,208
2017,CHE,Switzerland,ASY,5,5,5,28,0,0,43,5,8,0,28,0,0,41,84
2017,CHE,Switzerland,REF,0,6,0,15,8,0,29,0,0,0,8,0,5,13,42
2017,THA,Thailand,REF,0,0,0,0,0,0,0,0,0,0,5,0,0,5,5
2017,TJK,Tajikistan,REF,0,0,0,0,0,0,0,0,0,0,0,0,0,0,0
2017,TGO,Togo,ASY,0,0,0,0,0,0,0,0,0,0,0,0,0,0,0
2017,TUR,Turkey,REF,0,0,0,0,0,0,0,0,0,0,0,0,0,0,0
2017,ARE,United Arab Emirates,OOC,0,0,0,0,0,0,0,0,0,0,0,0,0,0,0
2017,UKR,Ukraine,IDP,0,0,0,0,0,1170000,1170000,0,0,0,0,0,630000,630000,1800000
2017,UKR,Ukraine,RET,0,0,0,0,0,0,0,0,0,0,0,0,0,0,5
2017,URY,Uruguay,REF,0,0,0,6,0,0,6,0,0,0,0,5,0,5,11
2017,USA,United States of America,ASY,0,0,0,0,0,0,0,0,0,0,0,0,0,0,7574
2017,USA,United States of America,REF,0,0,0,0,0,0,0,0,0,0,0,0,0,0,1812
2017,ZMB,Zambia,ASY,0,0,0,0,0,0,0,0,0,0,0,0,0,0,0
2018,ALB,Albania,ASY,0,0,0,0,0,0,0,0,0,0,0,0,0,0,0
2018,ALB,Albania,REF,0,0,0,0,0,0,0,0,0,0,0,0,0,0,0
2018,ARG,Argentina,ASY,0,0,5,37,5,0,47,0,5,0,51,0,0,56,125
2018,ARG,Argentina,REF,0,8,0,35,7,0,50,0,8,0,43,5,0,56,106
2018,ARM,Armenia,ASY,0,0,0,0,0,0,0,0,7,0,0,0,0,7,7
2018,ARM,Armenia,REF,9,11,0,45,0,0,65,5,8,9,28,0,0,50,115
2018,AUS,Australia,ASY,0,0,0,0,0,0,0,0,0,0,0,0,0,0,87
2018,AUS,Australia,REF,0,0,0,0,0,0,0,0,0,0,0,0,0,0,22
2018,AUT,Austria,ASY,0,0,0,0,0,0,0,0,0,0,0,0,0,0,537
2018,AUT,Austria,REF,0,0,0,0,0,0,0,0,0,0,0,0,0,0,282
2018,AZE,Azerbaijan,REF,0,0,0,5,0,0,5,0,0,0,0,0,0,0,5
2018,BEL,Belgium,ASY,0,0,0,0,0,0,0,0,0,0,0,0,0,0,185
2018,BEL,Belgium,REF,0,0,0,0,0,0,0,0,0,0,0,0,0,0,166
2018,BEN,Benin,ASY,0,0,0,0,0,0,0,0,0,0,0,0,0,0,0
2018,BLR,Belarus,ASY,0,0,0,0,0,0,0,0,0,0,0,0,0,0,133
2018,BLR,Belarus,REF,0,0,0,0,0,0,0,0,0,0,0,0,0,0,1804
2018,BOL,Bolivia (Plurinational State of),REF,0,0,0,0,0,0,0,0,0,0,0,0,0,0,0
2018,BRA,Brazil,ASY,0,0,0,0,0,0,0,0,0,0,0,0,0,0,65
2018,BRA,Brazil,REF,0,0,0,0,0,0,0,0,0,0,0,0,0,0,14
2018,BIH,Bosnia and Herzegovina,ASY,0,0,0,0,0,0,0,0,0,0,0,0,0,0,0
2018,BGR,Bulgaria,ASY,0,0,0,0,0,0,0,0,0,0,0,0,0,0,40
2018,BGR,Bulgaria,REF,0,0,0,0,0,0,0,0,0,0,0,0,0,0,0
2018,CAN,Canada,ASY,0,0,0,0,0,0,0,0,0,0,0,0,0,0,298
2018,CAN,Canada,REF,5,10,10,97,5,0,127,5,12,10,94,5,0,126,1319
2018,CHL,Chile,ASY,0,0,0,0,0,0,0,0,0,0,0,0,0,0,0
2018,CHL,Chile,REF,0,0,0,0,0,0,0,0,0,0,0,0,0,0,0
2018,COL,Colombia,ASY,0,0,0,0,0,0,0,0,0,0,0,0,0,0,0
2018,CRI,Costa Rica,REF,0,0,0,0,0,0,0,0,0,0,0,0,0,0,17
2018,CYP,Cyprus,ASY,0,0,0,0,0,0,0,0,0,0,0,0,0,0,120
2018,CYP,Cyprus,REF,0,0,0,0,0,0,0,0,0,0,0,0,0,0,30
2018,CZE,Czechia,ASY,0,0,0,0,0,0,0,0,0,0,0,0,0,0,241
2018,CZE,Czechia,REF,0,0,0,0,0,0,0,0,0,0,0,0,0,0,318
2018,DNK,Denmark,ASY,0,0,0,0,0,0,0,0,0,0,0,0,0,0,46
2018,DNK,Denmark,REF,0,0,0,0,0,0,0,0,0,0,0,0,0,0,27
2018,ECU,Ecuador,ASY,0,0,0,0,0,0,0,0,0,0,0,0,0,0,0
2018,ECU,Ecuador,REF,0,0,0,7,0,0,7,0,0,0,7,0,0,7,14
2018,EST,Estonia,ASY,0,0,0,0,0,0,0,0,0,0,0,0,0,0,9
2018,EST,Estonia,REF,0,0,0,0,0,0,0,0,0,0,0,0,0,0,64
2018,FIN,Finland,ASY,0,0,0,0,0,17,17,0,0,0,0,0,20,20,37
2018,FIN,Finland,REF,0,0,0,0,0,0,0,0,0,0,0,0,0,0,8
2018,FRA,France,ASY,0,0,0,0,0,0,0,0,0,0,0,0,0,0,703
2018,FRA,France,REF,0,0,0,0,0,950,950,0,0,0,0,0,765,765,1715
2018,GBR,United Kingdom of Great Britain and Northern Ireland,ASY,0,0,0,0,0,0,0,0,0,0,0,0,0,0,178
2018,GBR,United Kingdom of Great Britain and Northern Ireland,REF,0,0,0,0,0,0,0,0,0,0,0,0,0,0,144
2018,GEO,Georgia,ASY,5,0,0,0,0,0,5,0,5,0,0,0,0,5,10
2018,GEO,Georgia,REF,20,65,32,225,39,0,381,10,50,22,131,23,0,236,617
2018,DEU,Germany,ASY,209,122,209,947,112,0,1599,193,248,131,925,53,0,1550,3149
2018,DEU,Germany,REF,28,46,34,249,98,0,455,35,55,28,126,42,0,286,741
2018,GRC,Greece,ASY,0,0,0,0,0,0,0,0,0,0,0,0,0,0,117
2018,GRC,Greece,REF,0,0,0,0,0,0,0,0,0,0,0,0,0,0,145
2018,GTM,Guatemala,REF,0,0,0,0,0,0,0,0,0,0,0,0,0,0,0
2018,HRV,Croatia,ASY,0,0,0,0,0,0,0,0,0,0,5,0,0,5,5
2018,HRV,Croatia,REF,0,0,0,8,0,0,8,0,0,0,0,0,0,0,8
2018,HUN,Hungary,REF,0,0,0,0,0,0,0,0,0,0,0,0,0,0,19
2018,ISL,Iceland,ASY,0,0,0,0,0,0,0,0,0,0,0,0,0,0,22
2018,ISL,Iceland,REF,0,0,0,0,0,0,0,0,0,0,0,0,0,0,17
2018,IND,India,ASY,0,0,0,7,0,0,7,0,0,0,0,0,0,0,7
2018,IDN,Indonesia,REF,0,0,0,0,0,0,0,0,0,0,0,0,0,0,0
2018,IRL,Ireland,ASY,6,0,0,12,5,0,23,0,5,5,20,0,0,30,53
2018,IRL,Ireland,REF,0,5,0,26,5,0,36,0,5,0,37,0,0,42,78
2018,IRQ,Iraq,ASY,0,0,0,0,0,0,0,0,0,0,0,0,0,0,0
2018,ISR,Israel,ASY,0,0,0,0,0,0,0,0,0,0,0,0,0,0,7857
2018,ISR,Israel,REF,0,0,0,0,0,0,0,0,0,0,0,0,0,0,0
2018,ITA,Italy,ASY,0,0,0,0,0,0,0,0,0,0,0,0,0,0,4164
2018,ITA,Italy,REF,0,0,0,0,0,0,0,0,0,0,0,0,0,0,5861
2018,JOR,Jordan,ASY,0,0,5,8,0,0,13,0,0,5,0,0,0,5,18
2018,JOR,Jordan,REF,0,0,0,0,0,0,0,0,0,0,0,0,0,0,0
2018,KAZ,Kazakhstan,ASY,0,0,0,0,0,0,0,0,0,0,0,0,0,0,0
2018,KGZ,Kyrgyzstan,ASY,0,6,0,0,0,0,6,0,0,0,0,0,0,0,6
2018,KGZ,Kyrgyzstan,REF,0,0,0,11,0,0,11,0,0,0,8,0,0,8,19
2018,KOR,Republic of Korea,ASY,0,0,0,24,0,0,24,0,0,0,35,0,0,35,59
2018,KOR,Republic of Korea,REF,0,0,5,9,0,0,14,0,0,0,0,0,0,0,14
2018,KWT,Kuwait,ASY,0,5,0,0,0,0,5,0,0,0,0,0,0,0,5
2018,LBN,Lebanon,ASY,0,0,0,5,0,0,5,0,0,0,0,0,0,0,5
2018,LIE,Liechtenstein,ASY,0,0,0,0,0,0,0,0,0,0,0,0,0,0,9
2018,LIE,Liechtenstein,REF,0,0,0,0,0,0,0,0,0,0,0,0,0,0,5
2018,LTU,Lithuania,ASY,0,0,0,0,0,0,0,0,0,0,0,0,0,0,7
2018,LTU,Lithuania,REF,0,0,0,0,0,0,0,0,0,0,0,0,0,0,64
2018,LUX,Luxembourg,ASY,0,0,0,0,0,0,0,0,0,0,0,0,0,0,20
2018,LUX,Luxembourg,REF,0,0,0,0,0,0,0,0,0,0,0,0,0,0,6
2018,LVA,Latvia,ASY,0,0,0,0,0,0,0,0,0,0,0,0,0,0,0
2018,MRT,Mauritania,REF,0,0,5,0,0,0,5,0,0,0,0,0,0,0,5
2018,MDA,Republic of Moldova,ASY,0,0,0,0,0,0,0,0,0,0,8,0,0,8,8
2018,MDA,Republic of Moldova,REF,0,0,0,21,18,0,39,0,0,5,9,5,0,19,58
2018,MEX,Mexico,ASY,0,0,0,0,0,0,0,0,0,0,5,0,0,5,5
2018,MEX,Mexico,REF,0,0,0,0,0,0,0,0,0,0,0,0,0,0,18
2018,MNE,Montenegro,ASY,0,0,0,0,0,0,0,0,0,0,0,0,0,0,0
2018,MNE,Montenegro,REF,0,0,0,0,0,0,0,0,0,0,0,0,0,0,0
2018,MLT,Malta,ASY,0,0,0,0,0,0,0,0,0,0,0,0,0,0,43
2018,MLT,Malta,REF,0,0,0,0,0,0,0,0,0,0,0,0,0,0,136
2018,NLD,Netherlands,ASY,0,0,0,0,0,0,0,0,0,0,0,0,0,0,31
2018,NLD,Netherlands,REF,0,0,0,0,0,0,0,0,0,0,0,0,0,0,23
2018,NOR,Norway,ASY,0,0,0,0,0,0,0,0,0,0,0,0,0,0,12
2018,NOR,Norway,REF,0,0,0,0,0,0,0,0,0,0,0,0,0,0,10
2018,NZL,New Zealand,ASY,0,0,0,0,0,0,0,0,0,0,0,0,0,0,0
2018,NZL,New Zealand,REF,0,0,0,0,0,0,0,0,0,0,0,0,0,0,0
2018,PAN,Panama,ASY,0,0,0,0,0,0,0,0,0,0,0,0,0,0,5
2018,PAN,Panama,REF,0,0,0,0,0,0,0,0,0,0,0,0,0,0,0
2018,PER,Peru,ASY,0,0,0,0,0,0,0,0,0,0,0,0,0,0,0
2018,PER,Peru,REF,0,0,0,0,0,0,0,0,0,0,0,0,0,0,16
2018,POL,Poland,ASY,0,0,0,0,0,0,0,0,0,0,0,0,0,0,309
2018,POL,Poland,REF,0,0,0,0,0,0,0,0,0,0,0,0,0,0,464
2018,PRT,Portugal,ASY,0,0,0,0,0,0,0,0,0,0,0,0,0,0,15
2018,PRT,Portugal,REF,0,0,0,0,0,0,0,0,0,0,0,0,0,0,423
2018,ROU,Romania,ASY,0,0,0,0,0,0,0,0,0,0,0,0,0,0,7
2018,ROU,Romania,REF,0,0,0,15,0,0,15,0,0,0,13,0,0,13,28
2018,RUS,Russian Federation,ASY,0,0,0,0,0,0,0,0,0,0,0,0,0,0,795
2018,RUS,Russian Federation,REF,0,0,0,0,0,0,0,0,0,0,0,0,0,0,75146
2018,ESP,Spain,ASY,0,0,0,0,0,0,0,0,0,0,0,0,0,0,4300
2018,ESP,Spain,REF,0,0,0,0,0,0,0,0,0,0,0,0,0,0,562
2018,SRB,Serbia,REF,0,0,0,0,0,0,0,0,0,0,0,0,0,0,15
2018,SVK,Slovakia,REF,0,0,0,0,0,0,0,0,0,0,0,0,0,0,23
2018,SVN,Slovenia,ASY,0,0,0,0,0,0,0,0,0,0,0,0,0,0,0
2018,SVN,Slovenia,REF,0,0,0,5,0,0,5,0,0,0,0,0,0,0,5
2018,SWE,Sweden,ASY,0,0,0,0,0,0,0,0,0,0,0,0,0,0,445
2018,SWE,Sweden,REF,0,0,0,0,0,0,0,0,0,0,0,0,0,0,215
2018,CHE,Switzerland,REF,0,9,0,18,8,8,43,0,7,0,6,0,0,13,56
2018,THA,Thailand,REF,0,0,0,0,0,0,0,0,0,0,0,0,0,0,0
2018,TJK,Tajikistan,REF,0,0,0,0,0,0,0,0,0,0,0,0,0,0,0
2018,TGO,Togo,ASY,0,0,0,0,0,0,0,0,0,0,0,0,0,0,0
2018,UKR,Ukraine,IDP,0,0,0,0,0,0,0,0,0,0,0,0,0,0,1500002
2018,UKR,Ukraine,RET,0,0,0,0,0,0,0,0,0,0,0,0,0,0,5
2018,URY,Uruguay,ASY,0,0,0,0,0,0,0,0,0,0,0,0,0,0,0
2018,URY,Uruguay,REF,0,0,0,6,0,0,6,0,0,0,0,5,0,5,11
2018,USA,United States of America,ASY,0,0,0,0,0,0,0,0,0,0,0,0,0,0,7661
2018,USA,United States of America,REF,0,0,0,0,0,0,0,0,0,0,0,0,0,0,2270
2019,ALB,Albania,REF,0,0,0,0,0,0,0,0,0,0,0,0,0,0,0
2019,ARG,Argentina,ASY,0,0,0,24,8,0,32,0,5,0,30,0,0,35,92
2019,ARG,Argentina,REF,0,9,0,38,7,0,54,0,8,0,50,5,0,63,117
2019,ARM,Armenia,ASY,0,0,0,0,0,0,0,0,6,0,0,0,0,6,6
2019,ARM,Armenia,REF,10,11,0,44,0,0,65,5,9,9,28,0,0,51,116
2019,AUS,Australia,ASY,0,0,0,0,0,0,0,0,0,0,0,0,0,0,118
2019,AUS,Australia,REF,0,0,0,0,0,0,0,0,0,0,0,0,0,0,24
2019,AUT,Austria,ASY,0,0,0,0,0,160,160,0,0,0,0,0,155,155,315
2019,AUT,Austria,REF,0,0,0,0,0,0,0,0,0,0,0,0,0,0,265
2019,AZE,Azerbaijan,REF,0,0,0,5,0,0,5,0,0,0,0,0,0,0,5
2019,BEL,Belgium,ASY,0,0,0,0,0,0,0,0,0,0,0,0,0,0,105
2019,BEL,Belgium,REF,0,0,0,0,0,0,0,0,0,0,0,0,0,0,254
2019,BEN,Benin,REF,0,0,0,0,0,0,0,0,0,0,0,0,0,0,0
2019,BLR,Belarus,ASY,0,0,0,0,0,0,0,0,0,0,0,0,0,0,98
2019,BLR,Belarus,REF,0,0,0,0,0,0,0,0,0,0,0,0,0,0,2300
2019,BOL,Bolivia (Plurinational State of),REF,0,0,0,0,0,0,0,0,0,0,0,0,0,0,5
2019,BRA,Brazil,ASY,0,0,0,0,0,0,0,0,0,0,0,0,0,0,79
2019,BRA,Brazil,REF,0,0,0,0,0,0,0,0,0,0,0,0,0,0,17
2019,BIH,Bosnia and Herzegovina,ASY,0,0,0,0,0,0,0,0,0,0,0,0,0,0,0
2019,BGR,Bulgaria,ASY,0,0,0,0,0,0,0,0,0,0,0,0,0,0,40
2019,BGR,Bulgaria,REF,0,0,0,0,0,0,0,0,0,0,0,0,0,0,0
2019,CAN,Canada,ASY,0,0,0,0,0,0,0,0,0,0,0,0,0,0,307
2019,CAN,Canada,REF,0,0,0,0,0,0,0,0,0,0,0,0,0,0,1199
2019,CHL,Chile,ASY,0,0,0,0,0,0,0,0,0,0,0,0,0,0,0
2019,CHL,Chile,REF,0,0,0,0,0,0,0,0,0,0,0,0,0,0,0
2019,COL,Colombia,ASY,0,0,0,0,0,0,0,0,0,0,0,0,0,0,0
2019,CRI,Costa Rica,REF,0,0,0,0,0,0,0,0,0,0,0,0,0,0,13
2019,CYP,Cyprus,ASY,0,0,0,0,0,0,0,0,0,0,0,0,0,0,135
2019,CYP,Cyprus,REF,0,0,0,0,0,0,0,0,0,0,0,0,0,0,30
2019,CZE,Czechia,ASY,0,0,0,0,0,0,0,0,0,0,0,0,0,0,146
2019,CZE,Czechia,REF,0,0,0,0,0,0,0,0,0,0,0,0,0,0,305
2019,DNK,Denmark,ASY,0,0,0,0,0,0,0,0,0,0,0,0,0,0,29
2019,DNK,Denmark,REF,0,0,0,0,0,0,0,0,0,0,0,0,0,0,28
2019,ECU,Ecuador,ASY,0,0,0,0,0,0,0,0,0,0,0,0,0,0,0
2019,ECU,Ecuador,REF,0,0,0,0,0,0,0,0,0,0,0,0,0,0,14
2019,EST,Estonia,ASY,0,0,0,0,0,0,0,0,0,0,0,0,0,0,0
2019,EST,Estonia,REF,0,0,0,0,0,0,0,0,0,0,0,0,0,0,62
2019,FIN,Finland,ASY,0,0,0,0,0,11,11,0,0,0,0,0,12,12,23
2019,FIN,Finland,REF,0,0,0,0,0,0,0,0,0,0,0,0,0,0,11
2019,FRA,France,ASY,0,0,0,0,0,0,0,0,0,0,0,0,0,0,1020
2019,FRA,France,REF,0,0,0,0,0,1019,1019,0,0,0,0,0,820,820,1839
2019,GBR,United Kingdom of Great Britain and Northern Ireland,ASY,0,0,0,0,0,96,96,0,0,0,0,0,137,137,233
2019,GBR,United Kingdom of Great Britain and Northern Ireland,REF,0,0,0,0,0,0,0,0,0,0,0,0,0,0,185
2019,GEO,Georgia,ASY,6,0,0,0,0,0,6,0,0,0,0,0,0,0,6
2019,GEO,Georgia,OOC,0,21,12,81,23,0,137,0,17,11,68,19,0,115,252
2019,GEO,Georgia,REF,0,46,21,117,19,0,203,0,27,17,48,11,0,103,306
2019,DEU,Germany,ASY,145,182,92,642,91,0,1152,151,214,107,638,48,0,1158,2315
2019,DEU,Germany,REF,33,56,39,267,116,0,511,40,63,38,145,50,0,336,847
2019,GRC,Greece,ASY,0,0,0,0,0,49,49,0,0,0,0,0,48,48,97
2019,GRC,Greece,REF,0,0,0,0,0,0,0,0,0,0,0,0,0,0,151
2019,GTM,Guatemala,REF,0,0,0,0,0,0,0,0,0,0,0,0,0,0,0
2019,HRV,Croatia,REF,0,0,0,0,0,0,0,0,0,0,8,0,0,8,8
2019,HUN,Hungary,ASY,0,0,0,0,0,0,0,0,0,0,0,0,0,0,0
2019,HUN,Hungary,REF,0,0,0,0,0,0,0,0,0,0,0,0,0,0,15
2019,ISL,Iceland,ASY,0,0,0,0,0,0,0,0,0,0,0,0,0,0,7
2019,ISL,Iceland,REF,0,0,0,0,0,0,0,0,0,0,0,0,0,0,18
2019,IND,India,ASY,0,0,0,9,0,0,9,0,0,0,0,0,0,0,9
2019,IRL,Ireland,ASY,0,0,0,10,0,0,10,0,9,0,14,0,0,23,33
2019,IRL,Ireland,REF,0,5,0,25,5,0,35,0,5,0,41,0,0,46,81
2019,IRQ,Iraq,ASY,0,0,0,0,0,0,0,0,0,0,0,0,0,0,0
2019,IRQ,Iraq,OOC,0,0,0,0,0,0,0,0,0,0,0,0,0,0,0
2019,ISR,Israel,ASY,0,0,0,0,0,0,0,0,0,0,0,0,0,0,5056
2019,ISR,Israel,REF,0,0,0,0,0,0,0,0,0,0,0,0,0,0,5
2019,ITA,Italy,ASY,0,0,0,0,0,0,0,0,0,0,0,0,0,0,1189
2019,ITA,Italy,REF,0,0,0,0,0,0,0,0,0,0,0,0,0,0,6353
2019,JOR,Jordan,ASY,0,0,0,14,0,0,14,0,0,5,0,0,0,5,19
2019,JOR,Jordan,OOC,0,0,0,0,0,0,0,0,0,0,0,0,0,0,0
2019,JOR,Jordan,REF,0,0,0,0,0,0,0,0,0,0,0,0,0,0,0
2019,KGZ,Kyrgyzstan,ASY,0,0,0,0,0,0,0,0,0,0,0,0,0,0,0
2019,KGZ,Kyrgyzstan,REF,0,0,0,8,5,0,13,5,0,0,5,0,0,10,23
2019,KOR,Republic of Korea,ASY,0,0,0,0,0,0,0,0,0,0,0,0,0,0,64
2019,KOR,Republic of Korea,REF,0,0,0,0,0,0,0,0,0,0,0,0,0,0,14
2019,KWT,Kuwait,ASY,0,0,5,0,0,0,5,0,0,0,0,0,0,0,5
2019,LBN,Lebanon,ASY,0,0,0,0,0,0,0,0,0,0,0,0,0,0,0
2019,LBN,Lebanon,OOC,0,0,0,5,0,0,5,0,0,0,0,0,0,0,5
2019,LIE,Liechtenstein,ASY,0,0,0,0,0,0,0,0,0,0,0,0,0,0,0
2019,LIE,Liechtenstein,REF,0,0,0,0,0,0,0,0,5,0,0,0,0,5,5
2019,LTU,Lithuania,ASY,0,0,0,0,0,0,0,0,0,0,0,0,0,0,5
2019,LTU,Lithuania,REF,0,0,0,0,0,0,0,0,0,0,0,0,0,0,64
2019,LUX,Luxembourg,ASY,0,0,0,0,0,0,0,0,0,0,0,0,0,0,25
2019,LUX,Luxembourg,REF,0,0,0,0,0,0,0,0,0,0,0,0,0,0,6
2019,LVA,Latvia,ASY,0,0,0,0,0,0,0,0,0,0,0,0,0,0,0
2019,MRT,Mauritania,REF,0,0,5,0,0,0,5,0,0,0,0,0,0,0,5
2019,MDA,Republic of Moldova,ASY,0,0,0,0,0,0,0,0,0,0,5,0,0,5,5
2019,MDA,Republic of Moldova,REF,0,0,0,20,15,0,35,0,0,5,8,5,0,18,53
2019,MEX,Mexico,ASY,0,0,0,0,0,0,0,0,5,0,0,0,0,5,5
2019,MEX,Mexico,REF,0,0,0,0,0,0,0,0,0,0,0,0,0,0,17
2019,MYS,Malaysia,ASY,0,0,0,0,0,0,0,0,0,0,0,0,0,0,0
2019,MNE,Montenegro,ASY,0,0,0,0,0,0,0,0,0,0,0,0,0,0,0
2019,MNE,Montenegro,REF,0,0,0,0,0,0,0,0,0,0,0,0,0,0,0
2019,MLT,Malta,ASY,0,0,0,0,0,0,0,0,0,0,0,0,0,0,59
2019,MLT,Malta,REF,0,0,0,0,0,0,0,0,0,0,0,0,0,0,142
2019,NLD,Netherlands,ASY,0,0,0,0,0,19,19,0,0,0,0,0,40,40,59
2019,NLD,Netherlands,REF,0,0,0,0,0,0,0,0,0,0,0,0,0,0,20
2019,NOR,Norway,ASY,0,0,0,0,0,0,0,0,0,0,0,0,0,0,15
2019,NOR,Norway,REF,0,0,0,0,0,0,0,0,0,0,0,0,0,0,10
2019,NZL,New Zealand,REF,0,0,0,0,0,0,0,0,0,0,0,0,0,0,0
2019,PAN,Panama,ASY,0,0,0,0,0,0,0,0,0,0,0,0,0,0,5
2019,PAN,Panama,REF,0,0,0,0,0,0,0,0,0,0,0,0,0,0,0
2019,PER,Peru,ASY,0,0,0,0,0,0,0,0,0,0,0,0,0,0,0
2019,PER,Peru,REF,0,0,0,0,0,0,0,0,0,0,0,0,0,0,17
2019,POL,Poland,ASY,0,0,0,0,0,0,0,0,0,0,0,0,0,0,515
2019,POL,Poland,REF,0,0,0,0,0,0,0,0,0,0,0,0,0,0,485
2019,PRT,Portugal,ASY,0,0,0,0,0,47,47,0,0,0,0,0,46,46,93
2019,PRT,Portugal,REF,0,0,0,0,0,0,0,0,0,0,0,0,0,0,436
2019,ROU,Romania,ASY,0,0,0,0,0,5,5,0,0,0,0,0,0,0,5
2019,ROU,Romania,REF,0,0,0,13,0,0,13,0,0,0,9,0,0,9,22
2019,ZAF,South Africa,ASY,0,0,0,0,0,0,0,0,0,0,0,0,0,0,5
2019,ZAF,South Africa,REF,0,0,0,0,0,0,0,0,0,0,0,0,0,0,5
2019,RUS,Russian Federation,ASY,0,0,0,0,0,0,0,0,0,0,0,0,0,0,858
2019,RUS,Russian Federation,REF,0,0,0,0,0,0,0,0,0,0,0,0,0,0,40393
2019,ESP,Spain,ASY,0,0,0,0,0,3000,3000,0,0,0,0,0,3460,3460,6460
2019,ESP,Spain,REF,0,0,0,0,0,0,0,0,0,0,0,0,0,0,631
2019,SRB,Serbia,REF,0,0,0,0,0,0,0,0,0,0,0,0,0,0,15
2019,SVK,Slovakia,REF,0,0,0,0,0,0,0,0,0,0,0,0,0,0,24
2019,SVN,Slovenia,ASY,0,0,0,0,0,0,0,0,0,0,0,0,0,0,0
2019,SVN,Slovenia,REF,0,0,0,0,0,0,0,0,0,0,0,0,0,0,5
2019,SWE,Sweden,ASY,0,0,0,0,0,165,165,0,0,0,0,0,306,306,471
2019,SWE,Sweden,REF,0,0,0,0,0,0,0,0,0,0,0,0,0,0,223
2019,CHE,Switzerland,ASY,0,0,8,16,0,0,24,0,7,6,13,0,0,26,50
2019,CHE,Switzerland,REF,5,6,0,22,8,0,41,0,6,0,8,0,0,14,65
2019,SYR,Syrian Arab Republic,ASY,0,0,0,0,0,0,0,0,0,0,0,0,0,0,0
2019,THA,Thailand,REF,0,0,0,0,0,0,0,0,0,0,0,0,0,0,0
2019,TJK,Tajikistan,REF,0,0,0,0,0,0,0,0,0,0,0,0,0,0,0
2019,TGO,Togo,ASY,0,0,0,0,0,0,0,0,0,0,0,0,0,0,0
2019,ARE,United Arab Emirates,OOC,0,0,0,0,0,0,0,0,0,0,0,0,0,0,0
2019,UKR,Ukraine,IDP,0,0,0,0,0,411040,411040,0,0,0,0,0,322960,322960,734000
2019,UKR,Ukraine,OOC,0,0,0,0,0,940800,940800,0,0,0,0,0,739200,739200,1680000
2019,UKR,Ukraine,RET,0,0,0,0,0,0,0,0,0,0,0,0,0,0,0
2019,URY,Uruguay,ASY,0,5,0,0,0,0,5,0,0,0,0,0,0,0,5
2019,URY,Uruguay,REF,0,0,0,6,0,0,6,0,0,0,0,5,0,5,11
2019,USA,United States of America,ASY,0,0,0,0,0,0,0,0,0,0,0,0,0,0,7817
2019,USA,United States of America,REF,0,0,0,0,0,0,0,0,0,0,0,0,0,0,2580
